species,Real_PR_Multi,Real_PR_Layer,StrengthIn,StrengthOut,DegreeIn,DegreeOut,Delta,Ratio,Plot
A2 CHFU,1.2440515249695827,1.2440515249695825,0.65,1,2,2,2.220446049250313e-16,1.0000000000000002,1
Dilophus_sp. CHFU,1.6534379599629976,1.6534379599629978,2.333333333333333,1,4,4,-2.220446049250313e-16,0.9999999999999999,1
Diptera CHFU,2.1843998778748404,2.1843998778748395,3.6666666666666665,1,5,5,8.881784197001252e-16,1.0000000000000004,1
A3 CHFU,0.5118777371666573,0.5584415584415585,0.3333333333333333,1,1,1,-0.04656382127490122,0.9166182735309909,1
Empididae CHFU,1.5326586515293719,1.441558441558442,1.8666666666666665,1.2,3,3,0.09110020997092994,1.0631956411510055,1
B1 CHFU,0.9999999999999998,0.9999999999999998,1,1,1,1,0,1,1
Eupeodes_corollae CHFU,0.9999999999999998,0.9999999999999998,1,1,2,2,0,1,1
B2 CHFU,1.3614090557749023,1.441558441558442,1.6666666666666665,1,2,2,-0.08014938578353958,0.9444008765285357,1
Sphaerophoria_scripta CHFU,0.6884521149763595,0.5584415584415585,0.5333333333333333,1.2,3,3,0.13001055653480098,1.2328096012367367,1
C4 CHFU,0.5013555664921369,0.5013555664921371,0.25,1,1,1,-2.220446049250313e-16,0.9999999999999996,1
C5 CHFU,0.8527111329842743,0.852711132984274,0.5,1,1,1,2.220446049250313e-16,1.0000000000000002,1
E2 CHFU,0.521347979238723,0.5213479792387228,0.2,1,1,1,2.220446049250313e-16,1.0000000000000004,1
E5 CHFU,0.521347979238723,0.5213479792387229,0.2,1,1,1,1.1102230246251565e-16,1.0000000000000002,1
F4 CHFU,0.5213479792387229,0.5213479792387228,0.2,1,1,1,1.1102230246251565e-16,1.0000000000000002,1
A1 LEMA,0.8382755279136539,0.8655913525101072,0.15310077519379844,1,2,2,-0.02731582459645332,0.9684425860803244,1
Dilophus_sp. LEMA,2.770822273028056,2.8963459970789787,5.052380952380953,1.0000000000000002,12,12,-0.1255237240509226,0.956661350481774,1
Psilothrix_viridicoerulea LEMA,8.296621513865032,8.607310186339173,13.395238095238096,1,20,20,-0.3106886724741411,0.9639040924809191,1
A2 LEMA,0.8249662778048932,0.8496620012366854,0.23643410852713176,1,2,2,-0.02469572343179227,0.9709346500186573,1
Odontomyia_sp. LEMA,1.291463488687482,1.335730518962392,1.7333333333333332,0.9999999999999999,6,6,-0.04426703027490997,0.9668593105821247,1
A3 LEMA,0.5355337684240047,0.5455707033265135,0.3565891472868217,1,2,2,-0.010036934902508787,0.9816028704596664,1
Anthaxia_semicuprea LEMA,0.7818733588602127,0.7956218810931693,1.0333333333333332,1,3,3,-0.01374852223295664,0.9827197786289306,1
A4 LEMA,0.7127181037785394,0.7266897815002593,0.3798449612403101,1,2,2,-0.013971677721719922,0.9807735321489244,1
Andrena_cinerea LEMA,0.8283957774752374,0.8343556734118649,0.8333333333333333,1,2,2,-0.005959895936627491,0.9928568881035397,1
A5 LEMA,0.34626657767282054,0.35515784145976104,0.08333333333333333,1,1,1,-0.008891263786940495,0.9749653175320702,1
A6 LEMA,0.7184910959880645,0.7347991935128523,0.5232558139534884,1,3,3,-0.01630809752478779,0.9778060486881814,1
B1 LEMA,0.8269019372480501,0.8451421346772974,1.25,1,2,2,-0.018240197429247318,0.9784175978444004,1
Eupeodes_corollae LEMA,1.1796875878456086,1.2345154754123469,1.5333333333333332,1,5,5,-0.05482788756673829,0.955587525098926,1
Oedemeridae LEMA,0.5014333233304213,0.5091854072378514,0.5,1,1,1,-0.007752083907430096,0.9847755183136878,1
B2 LEMA,0.7897319240972572,0.874823893487189,0.3798449612403101,1,3,3,-0.0850919693899318,0.9027324584714513,1
Sphaerophoria_scripta LEMA,1.8179100664372945,1.3786333830631965,2.45,2,6,6,0.439276683374098,1.3186319791546506,1
B5 LEMA,0.314002983413611,0.32014450368344893,0.023255813953488372,1,1,1,-0.006141520269837941,0.9808164119665458,1
C1 LEMA,0.6676126024448596,0.7008133130073564,1.0232558139534884,1,2,2,-0.03320071056249674,0.9526254568138488,1
Musca_sp. LEMA,0.8320226330147025,0.4478456580281264,1.3,2,2,2,0.38417697498657605,1.8578334256451545,1
C2 LEMA,0.34626657767282065,0.355157841459761,0.08333333333333333,1,1,1,-0.008891263786940329,0.9749653175320706,1
C3 LEMA,0.496960310977671,0.5093729938697877,0.18992248062015504,1,2,2,-0.012412682892116722,0.9756314468150037,1
C4 LEMA,1.1210799562462381,1.1257887889885287,1.1666666666666665,1,2,2,-0.004708832742290614,0.9958173035756367,1
Melyridae LEMA,1.1803663113967144,1.1834993899336592,1.5,1,2,2,-0.0031330785369447778,0.9973526994913614,1
C5 LEMA,0.9542702833238367,0.9813291503642831,1.3333333333333333,1,3,3,-0.027058867040446466,0.9724263087156824,1
Diptera LEMA,0.4203765802750872,0.42804325926988024,0.3333333333333333,1,2,2,-0.007666678994793064,0.9820890089289801,1
D1 LEMA,0.6516556823436038,0.6529872407218053,0.5,1,1,1,-0.001331558378201425,0.9979608202195045,1
D2 LEMA,0.3140029834136111,0.3201445036834489,0.023255813953488372,1,1,1,-0.006141520269837775,0.9808164119665463,1
D3 LEMA,1.5922052939538476,1.6363729104055584,1.4864341085271318,0.9999999999999998,4,4,-0.044167616451710856,0.9730088318067033,1
Chrysomelidae LEMA,0.3433392142658245,0.3487024248349606,0.14285714285714285,1,1,1,-0.005363210569136134,0.9846195202924829,1
Mordellidae LEMA,1.2509404999596345,1.2669489662398754,2.3428571428571425,1,4,4,-0.016008466280240885,0.9873645531850018,1
D4 LEMA,0.4158248562414224,0.4192266553259737,0.25,1,1,1,-0.0034017990845512935,0.9918855372354456,1
D5 LEMA,1.1805825299023076,1.2091836902985869,0.8565891472868217,1,5,5,-0.028601160396279246,0.9763467200014775,1
E1 LEMA,0.806011933654444,0.8305780147337949,0.09302325581395349,1,1,1,-0.024566081079350877,0.9704229095358075,1
E2 LEMA,0.9318098039119929,1.0860596406945642,0.4631782945736434,1,3,3,-0.15424983678257131,0.8579729593082711,1
E3 LEMA,1.0756498902220848,1.111996539761809,0.48643410852713176,1,3,3,-0.03634664953972422,0.9673140623733328,1
E4 LEMA,0.8060119336544441,0.8305780147337949,0.09302325581395349,1,1,1,-0.024566081079350766,0.9704229095358076,1
E5 LEMA,0.6742725445000431,0.6954468488266586,0.12984496124031009,1,2,2,-0.02117430432661549,0.969552950937458,1
E6 LEMA,0.642008950240833,0.6604335110503465,0.06976744186046512,1,1,1,-0.01842456080951349,0.972102322942076,1
F1 LEMA,0.8173677638595808,0.9770014840374333,0.9166666666666666,1,3,3,-0.1596337201778525,0.8366085182202894,1
Scaeva_sp. LEMA,0.5025033571171998,0.5440725899053331,0.45,1,2,2,-0.04156923278813329,0.9235961642629962,1
F2 LEMA,0.34626657767282065,0.355157841459761,0.08333333333333333,1,1,1,-0.008891263786940329,0.9749653175320706,1
F3 LEMA,1.0518394546884635,1.0968222032198736,0.6531007751937985,1,3,3,-0.044982748531410044,0.9589881127503099,1
F4 LEMA,0.4158248562414224,0.4192266553259737,0.25,1,1,1,-0.0034017990845512935,0.9918855372354456,1
F5 LEMA,0.4780059668272221,0.49028900736689757,0.046511627906976744,1,1,1,-0.012283040539675494,0.9749473466565328,1
F6 LEMA,0.529452242123167,0.6076409344590766,0.41666666666666663,1,2,2,-0.07818869233590964,0.8713241852188359,1
B2 ME,1.0304872166596761,1,1,1,1,1,0.03048721665967613,1.0304872166596761,1
Empididae ME,1.2430407764607194,1,1.2,1.2,2,2,0.24304077646071942,1.2430407764607194,1
D2 ME,0.6478590962195465,1,1,1,1,1,-0.3521409037804535,0.6478590962195465,1
Musca_sp. ME,1.054289850817863,1,2,1.8,2,2,0.05428985081786308,1.054289850817863,1
E3 ME,0.9135977458673522,1,1,1,1,1,-0.0864022541326478,0.9135977458673522,1
Sphaerophoria_scripta ME,1.7967005785114172,1,2.2,2,3,3,0.7967005785114172,1.7967005785114172,1
A3 CHFU,0.5428588820836817,0.5543243243243244,0.2,1,1,1,-0.01146544224064272,0.9793163645585675,2
Dilophus_sp. CHFU,4.108328178652881,2.378378378378379,5,1.7777777777777777,5,5,1.7299498002745022,1.7273652569335973,2
A4 CHFU,0.9357177641673633,0.958648648648649,0.4,1,1,1,-0.022930884481285663,0.9760799908145597,2
B1 CHFU,0.5428588820836817,0.5543243243243245,0.2,1,1,1,-0.011465442240642831,0.9793163645585673,2
D1 CHFU,0.8598820059007777,0.9999999999999991,1,1,1,1,-0.14011799409922143,0.8598820059007785,2
Diptera CHFU,1.855900669021641,0.9999999999999991,3,2.2222222222222223,3,3,0.855900669021642,1.8559006690216426,2
E1 CHFU,0.5428588820836817,0.5543243243243244,0.2,1,1,1,-0.01146544224064272,0.9793163645585675,2
A1 LEMA,1.08300456197739,1.151576443204862,1.2664141414141414,1,4,4,-0.06857188122747204,0.9404539041831778,2
Diptera LEMA,1.5372172590405075,0.5415359906896532,2.177777777777778,2.571428571428571,3,3,0.9956812683508544,2.838624367482651,2
Eupeodes_corollae LEMA,2.212156736145204,1.8031993341267498,4.2,1.5714285714285714,9,9,0.4089574020184543,1.2267954486665245,2
Nemotelus_sp. LEMA,2.108691966715731,1.9526907911190696,4.290909090909091,1.5714285714285714,8,8,0.15600117559666127,1.079890362727249,2
Psilothrix_viridicoerulea LEMA,5.767715874168798,6.415981320759994,10.55530303030303,0.9999999999999999,19,19,-0.6482654465911963,0.8989608270065214,2
A3 LEMA,0.44712475715415023,0.48052024985733327,0.06060606060606061,1,1,1,-0.03339549270318304,0.9305013832130942,2
A4 LEMA,0.4034690343830021,0.5188415938780466,0.2222222222222222,1,1,1,-0.11537255949504455,0.7776343283646554,2
A5 LEMA,0.9999999999999999,0.9999999999999998,1,1,1,1,1.1102230246251565e-16,1.0000000000000002,2
Episyrphus_balteatus LEMA,0.9999999999999999,0.9999999999999998,1,1,1,1,1.1102230246251565e-16,1.0000000000000002,2
B1 LEMA,0.6542077253855973,0.679104534736697,0.3939393939393939,1,2,2,-0.024896809351099614,0.9633387673360883,2
Cantharidae LEMA,1.1485273868298742,0.7008857113389307,1.8333333333333333,1.5714285714285714,4,4,0.44764167549094347,1.6386799848377493,2
B2 LEMA,0.34380041464005207,0.35652113847199896,0.14285714285714285,1,1,1,-0.01272072383194689,0.9643198608462147,2
Meligethes_sp. LEMA,1.5960034146827817,1.7007623168282269,3.225,1,5,5,-0.10475890214544514,0.9384047370353247,2
B3 LEMA,0.2985623785770752,0.3152601249286667,0.030303030303030304,1,1,1,-0.01669774635159149,0.9470350195560899,2
B4 LEMA,0.5683885212057129,0.6025175771504243,0.5303030303030303,1,2,2,-0.034129055944711384,0.9433559165093192,2
Melyridae LEMA,0.6348850414791476,0.6758998875806065,0.8333333333333333,1,2,2,-0.04101484610145889,0.9393181640430921,2
B6 LEMA,0.2985623785770751,0.3152601249286667,0.030303030303030304,1,1,1,-0.016697746351591547,0.9470350195560897,2
C1 LEMA,0.7159111564035062,0.8566302194086796,0.5759803921568627,1,3,3,-0.14071906300517334,0.8357295133688958,2
Dilophus_sp. LEMA,4.1851245406993725,3.1645600527834854,3.992929292929293,2,9,9,1.020564487915887,1.322498063204147,2
C3 LEMA,0.5738592743456512,0.6649410467963562,0.1717171717171717,1,2,2,-0.09108177245070503,0.8630227854190514,2
C5 LEMA,0.4481343397141656,0.5068500541796336,0.1553030303030303,1,2,2,-0.05871571446546797,0.8841556512004269,2
C6 LEMA,0.49236279321712706,0.5217812634006654,0.17316017316017315,1,2,2,-0.02941847018353838,0.9436191518418926,2
D1 LEMA,1.300002684754284,1.5830067484712265,1.6120766488413547,1,5,5,-0.2830040637169424,0.8212237162031994,2
Brassicogethes_sp. LEMA,0.680071216205735,0.7799871269369215,0.3977272727272727,1,2,2,-0.09991591073118655,0.871900564406024,2
Musca_sp. LEMA,0.28812528525514264,0.3181944670250678,0.125,1,1,1,-0.03006918176992518,0.9055006139765582,2
D4 LEMA,0.5520314129600771,0.6841017188067129,0.2525252525252525,1,2,2,-0.13207030584663582,0.8069434673004364,2
D5 LEMA,0.2995719611370905,0.3415899292509672,0.125,1,1,1,-0.0420179681138767,0.87699295407797,2
D6 LEMA,0.4263064783285916,0.5260107261899902,0.2361111111111111,1,2,2,-0.09970424786139864,0.810452063242934,2
E1 LEMA,1.2067499275757576,1.5380669329337873,1.3547237076648841,1,3,3,-0.33131700535802966,0.7845886948976539,2
Mordellidae LEMA,0.2782171798049243,0.31341961162421506,0.125,1,1,1,-0.03520243181929078,0.8876827406017658,2
E2 LEMA,0.40420007465457475,0.4998179318901415,0.18382352941176472,1,2,2,-0.09561785723556676,0.8086946243125521,2
E3 LEMA,0.343800414640052,0.3565211384719989,0.14285714285714285,1,1,1,-0.01272072383194689,0.9643198608462147,2
E4 LEMA,0.772648629985502,0.8286680476788868,0.4242424242424242,1,2,2,-0.05601941769338481,0.9323982409478727,2
Andrena_cinerea LEMA,0.9814671109901049,0.6454859043278366,1.4659090909090908,1.5714285714285714,4,4,0.3359812066622683,1.5205089753464645,2
E5 LEMA,0.4252968957685761,0.49968092186768975,0.1414141414141414,1,2,2,-0.07438402609911365,0.8511369499137896,2
E6 LEMA,1.4131457629167945,1.5572993652591858,0.7527056277056277,1,4,4,-0.14415360234239127,0.9074335959044076,2
F1 LEMA,0.7149015738434904,0.8303004150863789,0.4812834224598931,1,3,3,-0.11539884124288846,0.8610155563623522,2
F2 LEMA,0.8587761881178337,0.9523408845588566,1.5588235294117647,1,3,3,-0.09356469644102283,0.9017529353637234,2
Malachius_bipustulatus LEMA,0.3933199199667195,0.4198299172916762,0.3333333333333333,1,1,1,-0.02650999732495668,0.93685538778186,2
F3 LEMA,1.6907471531202025,1.9920467682472123,1.433303624480095,1,5,5,-0.30129961512700976,0.8487487242118712,2
F4 LEMA,0.29856237857707507,0.31526012492866656,0.030303030303030304,1,1,1,-0.01669774635159149,0.9470350195560898,2
F6 LEMA,0.9845917360147154,1.0930515429838379,0.5176979882862236,1,3,3,-0.1084598069691225,0.9007733828607511,2
A5 ME,0.7895842709453575,1,1,1,1,1,-0.21041572905464245,0.7895842709453575,2
Eupeodes_corollae ME,1.504904166930253,1,1.5714285714285714,2,2,2,0.504904166930253,1.504904166930253,2
B1 ME,0.48347518495304065,1.3222278754036554,0.7142857142857143,1,1,1,-0.8387526904506147,0.3656519378745084,2
Diptera ME,1.6477597374150244,1.9307282653707263,2.8492063492063493,3,5,5,-0.28296852795570193,0.8534394854879446,2
B5 ME,0.8095924001577228,1.075406588996275,0.8333333333333333,1,2,2,-0.2658141888385521,0.7528244744281803,2
Calliphoridae ME,1.1526716661542749,1.3884885590573608,1.6666666666666665,1,2,2,-0.23581689290308594,0.8301628836875825,2
Cantharidae ME,1.1979313555916893,1.183408063753753,2.238095238095238,1.9999999999999998,4,4,0.014523291837936325,1.0122724293358867,2
C1 ME,0.31970694204215605,0.48529895139689666,0.3333333333333333,1,1,1,-0.1655920093547406,0.6587835006070044,2
D2 ME,0.5364838961580789,1,1,1,1,1,-0.4635161038419211,0.5364838961580789,2
Andrena_cinerea ME,0.9093738733131269,1,1.5714285714285714,2,2,2,-0.09062612668687309,0.9093738733131269,2
D3 ME,0.6398854581155669,0.7401076375993785,0.5,1,1,1,-0.10022217948381162,0.8645843193715803,2
E2 ME,0.6803362095611588,0.8014803523768784,1.1428571428571428,1,2,2,-0.12114414281571961,0.8488495164523331,2
Nemotelus_sp. ME,1.0909204060483546,0.4906291497601734,1.0714285714285714,2,2,2,0.6002912562881813,2.223513231086274,2
E4 ME,0.6769290612945302,1.1160191347674568,1.4761904761904763,1,3,3,-0.4390900734729266,0.6065568592921848,2
Lassioglosum_ immunitum ME,0.3417965673667836,0.46620542151744615,0.3333333333333333,1,1,1,-0.12440885415066255,0.7331458442809915,2
A6 CHFU,0.9655405405405411,0.965540540540541,0.5,1,1,1,1.1102230246251565e-16,1.0000000000000002,3
Scaeva_sp. CHFU,1.9189189189189197,1.9189189189189195,3,0.9999999999999999,4,4,2.220446049250313e-16,1.0000000000000002,3
C3 CHFU,0.9999999999999996,0.9999999999999998,1,1,1,1,-2.220446049250313e-16,0.9999999999999998,3
Eupeodes_corollae CHFU,0.9999999999999996,0.9999999999999998,1,1,2,2,-2.220446049250313e-16,0.9999999999999998,3
D2 CHFU,0.9999999999999996,0.9999999999999998,1,1,1,1,-2.220446049250313e-16,0.9999999999999998,3
Bruchidae CHFU,0.9999999999999996,0.9999999999999998,1,1,1,1,-2.220446049250313e-16,0.9999999999999998,3
D3 CHFU,0.693693693693694,0.6936936936936939,0.3333333333333333,1,1,1,1.1102230246251565e-16,1.0000000000000002,3
E2 CHFU,0.9999999999999996,0.9999999999999998,1,1,1,1,-2.220446049250313e-16,0.9999999999999998,3
Dilophus_sp. CHFU,0.9999999999999996,0.9999999999999998,1,1,3,3,-2.220446049250313e-16,0.9999999999999998,3
F2 CHFU,0.42184684684684703,0.421846846846847,0.16666666666666666,1,1,1,5.551115123125783e-17,1.0000000000000002,3
A1 LEMA,0.2915812703907709,0.33743081939047265,0.14285714285714285,1,1,1,-0.04584954899970173,0.8641216321540418,3
Dilophus_sp. LEMA,2.040435955631698,1.5435479243921284,3.4318181818181817,1.7499999999999998,8,8,0.4968880312395698,1.3219129276049213,3
A5 LEMA,0.22270557706908806,0.29564773004757827,0.016129032258064516,1,1,1,-0.07294215297849022,0.7532801859606644,3
Psilothrix_viridicoerulea LEMA,9.28065307293653,10.623716779941002,19.146536796536793,1.7499999999999998,24,24,-1.3430637070044718,0.8735787356887793,3
B1 LEMA,0.7221101909865505,0.9470849392803402,1.3655913978494623,1,3,3,-0.22497474829378972,0.7624555739797311,3
Eupeodes_corollae LEMA,0.303448415584642,0.3512555495970722,0.25,1,2,2,-0.04780713401243025,0.8638964307687945,3
Sphaerophoria_scripta LEMA,0.5956513538873963,0.7313726895094299,0.9166666666666666,1,3,3,-0.1357213356220336,0.8144293086564812,3
B2 LEMA,0.29541115413817604,0.4412954600951567,0.03225806451612903,1,1,1,-0.14588430595698065,0.6694180676014125,3
B3 LEMA,0.43437231949037436,0.6193416090398092,0.1989247311827957,1,2,2,-0.1849692895494348,0.7013452885295397,3
Scaeva_sp. LEMA,0.9809023436625764,1.256796345491665,1.8409090909090908,1,6,6,-0.27589400182908863,0.7804783544933388,3
B5 LEMA,0.29541115413817615,0.44129546009515674,0.03225806451612903,1,1,1,-0.1458843059569806,0.6694180676014126,3
B6 LEMA,0.29541115413817604,0.44129546009515663,0.03225806451612903,1,1,1,-0.1458843059569806,0.6694180676014125,3
C1 LEMA,0.2954111541381761,0.4412954600951567,0.03225806451612903,1,1,1,-0.1458843059569806,0.6694180676014126,3
C3 LEMA,0.27014842363208225,0.3062305104630103,0.125,1,1,1,-0.03608208683092806,0.8821734425600729,3
Andrena_cinerea LEMA,1.1308086930078332,1.470404804357745,1.9045454545454545,1,4,4,-0.33959611134991174,0.7690458366679214,3
C4 LEMA,0.2889611653521983,0.32804614894465256,0.16666666666666666,1,1,1,-0.03908498359245427,0.880855228088507,3
C5 LEMA,0.22270557706908803,0.29564773004757833,0.016129032258064516,1,1,1,-0.0729421529784903,0.7532801859606642,3
C6 LEMA,0.5650010916695191,0.9005158809015765,0.23118279569892472,1,2,2,-0.33551478923205746,0.627419353342056,3
Meligethes_sp. LEMA,0.8765561180694141,1.1853526638442111,1.7595238095238095,0.9999999999999999,6,6,-0.308796545774797,0.739489727240043,3
D1 LEMA,0.3681167312072643,0.5869431901427349,0.04838709677419355,1,1,1,-0.2188264589354706,0.6271760834600438,3
D2 LEMA,1.3909825555014153,1.9210035301833857,1.125768049155146,1,4,4,-0.5300209746819704,0.7240916185971961,3
D3 LEMA,0.7213647440193213,1.0980678885254385,0.37403993855606754,0.9999999999999999,3,3,-0.3767031445061172,0.6569400230690834,3
D5 LEMA,0.43699242452894704,0.6287262794856294,0.17511520737327188,1,2,2,-0.19173385495668238,0.6950439941630199,3
D6 LEMA,1.1883992542861916,1.6398879854518602,2.3978494623655915,1,4,4,-0.45148873116566857,0.7246831886256768,3
Chrysotoxum_sp. LEMA,0.27626742076790783,0.3242380984542601,0.125,1,1,1,-0.04797067768635227,0.85205107630768,3
Malachius_bipustulatus LEMA,0.2762674207679079,0.32423809845426005,0.125,1,1,1,-0.04797067768635216,0.8520510763076803,3
E1 LEMA,0.7104122458076955,1.1918113409967337,0.26344086021505375,1,2,2,-0.48139909518903823,0.5960777695013078,3
E2 LEMA,0.5135278853454404,0.8782386502378917,0.08064516129032258,1,1,1,-0.36471076489245136,0.5847247615512471,3
E3 LEMA,0.442946666994596,0.5251472227389352,0.5,1,2,2,-0.08220055574433921,0.8434714072834327,3
E4 LEMA,1.2192185593241711,0.7278760381846929,1.1428571428571428,1,2,2,0.4913425211394782,1.6750359887720385,3
Diptera LEMA,1.9098414772158248,0.4593473162284944,1.5,1.75,2,2,1.4504941609873303,4.157728606965033,3
E5 LEMA,0.29541115413817626,0.4412954600951567,0.03225806451612903,1,1,1,-0.14588430595698043,0.669418067601413,3
F1 LEMA,0.7337689752709485,1.1077381429292483,0.564516129032258,0.9999999999999999,3,3,-0.3739691676582998,0.6624029153050611,3
F2 LEMA,0.5609707319084345,0.8888214306533236,0.18951612903225806,1,2,2,-0.32785069874488915,0.631139970934427,3
F3 LEMA,0.346884360462255,0.46357269075884155,0.1827956989247312,1,2,2,-0.11668833029658654,0.7482847186153815,3
F4 LEMA,0.4922955146004313,0.754868150853998,0.2150537634408602,1,2,2,-0.26257263625356675,0.6521609290887251,3
F5 LEMA,0.5571408481610294,0.7849567899486396,0.3001152073732719,1,3,3,-0.22781594178761022,0.70977263372355,3
F6 LEMA,0.22270557706908806,0.2956477300475782,0.016129032258064516,1,1,1,-0.07294215297849016,0.7532801859606645,3
C3 ME,2.0528770432565517,1.398250455227854,1.7222222222222223,1,3,3,0.6546265880286977,1.468175487146201,3
Dilophus_sp. ME,1.3295380412435647,0.4471282217359189,1,2,3,3,0.8824098195076457,2.973505085592229,3
Diptera ME,2.92158491647777,2.572177042801913,4.25,2,5,5,0.3494078736758568,1.1358413001366505,3
Psilothrix_viridicoerulea ME,4.997157230089532,0.8996136543810863,2,2,3,3,4.097543575708445,5.554781439514124,3
D4 ME,1.211895911394026,0.5323358031119617,0.5,1,1,1,0.6795601082820643,2.276562846814829,3
E3 ME,0.2879637321670058,0.3929278318201806,0.1111111111111111,1,1,1,-0.10496409965317477,0.7328667221994839,3
E4 ME,0.7018549286680232,1.1217113272807229,0.4444444444444444,1,1,1,-0.41985639861269963,0.6257001347837641,3
F4 ME,0.42592746433401163,0.6358556636403615,0.2222222222222222,1,1,1,-0.20992819930634987,0.669849289216861,3
A2 CHFU,1.2413354688855476,1.0869158882724606,1.2,1,2,2,0.15441958061308703,1.1420713251864603,4
Andrena_cinerea CHFU,1.0156058095393774,0.4579595016771971,0.9047619047619047,1.6666666666666665,3,3,0.5576463078621803,2.2176760299107183,4
Empididae CHFU,3.372802976590971,3.2214724226284877,5.366666666666667,1,8,8,0.15133055396248318,1.0469755857289036,4
A5 CHFU,0.5079810255978119,0.7702702702702697,0.5,1,1,1,-0.26228924467245784,0.6594841384954053,4
Eupeodes_corollae CHFU,1.5442318751278155,1.4594594594594588,3.571428571428571,1.8333333333333333,4,4,0.0847724156683567,1.0580848033283186,4
A6 CHFU,0.5079810255978119,0.7702702702702697,0.5,1,1,1,-0.26228924467245784,0.6594841384954053,4
B1 CHFU,1.1833134374898684,0.9770417610115147,0.5,1,2,2,0.20627167647835365,1.2111185874642698,4
Psilothrix_viridicoerulea CHFU,3.6599273749001746,1.6271076620238032,2.904761904761904,1.6666666666666665,4,4,2.032819712876371,2.249345547514626,4
B2 CHFU,0.4366882530102326,0.42382515592342146,0.1,1,1,1,0.01286309708681116,1.0303500085047697,4
B5 CHFU,1.1846004855426346,0.989706365214421,0.7333333333333334,1,2,2,0.19489412032821363,1.196921154777043,4
Dilophus_sp. CHFU,1.6939723591941114,1.0111403298576278,1.738095238095238,1.6666666666666665,4,4,0.6828320293364836,1.6753088658155182,4
B6 CHFU,0.7246635540732314,0.7103149160497494,0.43333333333333335,1,2,2,0.014348638023481963,1.0202003895726681,4
C2 CHFU,1.114535238799127,1.4023974075107788,0.9,1,2,2,-0.2878621687116518,0.7947356668160132,4
Diptera CHFU,1.6613896710512122,1.439076840569643,2.3714285714285714,1.6666666666666665,3,3,0.22231283048156913,1.1544829464377795,4
C5 CHFU,0.31946174644722364,0.39464306289683926,0.2,1,1,1,-0.07518131644961562,0.8094954060569203,4
D6 CHFU,0.4366882530102325,0.42382515592342146,0.1,1,1,1,0.012863097086811048,1.0303500085047694,4
E5 CHFU,0.43668825301023234,0.42382515592342157,0.1,1,1,1,0.01286309708681077,1.0303500085047688,4
F4 CHFU,0.523312592239818,0.42660830254404647,0.2,1,1,1,0.0967042896957715,1.2266816869692474,4
F5 CHFU,1.011351807083464,0.984140071973171,0.5333333333333333,1,2,2,0.027211735110292956,1.0276502663444385,4
A1 LEMA,0.5065542821082046,0.6007572576752754,0.37681159420289856,1,2,2,-0.0942029755670708,0.8431929462964726,4
Odontomyia_sp. LEMA,0.7956497755054777,0.8885560784982901,1.1111111111111112,1,3,3,-0.09290630299281244,0.8954412611190176,4
Psilothrix_viridicoerulea LEMA,5.575362235163827,5.3846978215499774,9.445238095238096,1.571428571428571,16,16,0.19066441361384978,1.0354085632903662,4
A2 LEMA,1.6785051110314109,2.031056173466018,1.3685300207039337,1,4,4,-0.3525510624346071,0.8264198366148706,4
Meligethes_sp. LEMA,1.3290201017338528,1.540784685451372,1.0373015873015872,0.9999999999999998,4,4,-0.21176458371751927,0.8625605603968715,4
Nemotelus_sp. LEMA,0.9324226638105255,1.002064865843642,1.6111111111111112,1,3,3,-0.06964220203311644,0.930501303451564,4
B2 LEMA,0.7155771017757858,0.9733383462491937,0.39648033126293997,1,3,3,-0.25776124447340787,0.7351781675234482,4
Andrena_cinerea LEMA,1.8137438589004906,1.4837858192892996,3.6500000000000004,1.7142857142857144,7,7,0.32995803961119097,1.2223757872071008,4
Dilophus_sp. LEMA,1.985836036419077,1.7717078316139159,3.545238095238095,1.5714285714285712,6,6,0.21412820480516115,1.120859772127385,4
B4 LEMA,0.4497715544571643,0.5704059821319684,0.3333333333333333,1,1,1,-0.12063442767480403,0.7885112859021626,4
B6 LEMA,0.41224035809663856,0.5479994042015197,0.08695652173913043,1,1,1,-0.13575904610488115,0.7522642450630156,4
C1 LEMA,0.30345096645056496,0.3651359509816898,0.14285714285714285,1,1,1,-0.061684984531124865,0.8310629660944613,4
C2 LEMA,0.985478786412374,1.286777727935937,1.39648033126294,1,4,4,-0.30129894152356296,0.765850049326807,4
Chrysotoxum_sp. LEMA,0.3175313936901036,0.3687522137491092,0.2,1,1,1,-0.051220820059005634,0.8610969150849488,4
C3 LEMA,0.28112017904831926,0.34899970210076,0.043478260869565216,1,1,1,-0.06787952305244072,0.8055026332577122,4
C4 LEMA,0.9889549660718081,1.18921574035135,0.686335403726708,1,4,4,-0.2002607742795418,0.8316026541825158,4
Sphaerophoria_scripta LEMA,1.3996517556759198,1.5632391668866759,2.4833333333333334,0.9999999999999999,5,5,-0.16358741121075604,0.895353561581652,4
C5 LEMA,0.34828399872075533,0.37145888197561233,0.16666666666666666,1,1,1,-0.023174883254857004,0.9376111748045951,4
C6 LEMA,0.303450966450565,0.36513595098168977,0.14285714285714285,1,1,1,-0.061684984531124754,0.8310629660944615,4
D2 LEMA,0.28112017904831926,0.34899970210076003,0.043478260869565216,1,1,1,-0.06787952305244077,0.805502633257712,4
D5 LEMA,0.6396205244728673,0.685675934230214,0.6666666666666666,1,2,2,-0.04605540975734668,0.9328321041206564,4
E1 LEMA,1.165094448850049,1.57950224248073,0.701863354037267,1,3,3,-0.4144077936306809,0.7376339314467693,4
E2 LEMA,0.4794041777690746,0.5704585840763725,0.21014492753623187,1,2,2,-0.09105440630729789,0.8403838440704267,4
E4 LEMA,1.107388574890996,1.0801572751301343,1.3530020703933747,1,4,4,0.027231299760861694,1.0252104951638463,4
Eupeodes_corollae LEMA,0.8626281062947522,0.3795334209651534,0.9166666666666666,1.5714285714285714,3,3,0.48309468532959876,2.2728646771108827,4
E5 LEMA,0.41418642141298223,0.43391837865569866,0.3333333333333333,1,1,1,-0.019731957242716425,0.9545261085648249,4
F1 LEMA,0.6292899549976567,0.7806615751423568,0.37681159420289856,1,3,3,-0.15137162014470007,0.806098282578982,4
F2 LEMA,0.9934356423284144,0.9999999999999994,1,1,1,1,-0.0065643576715850305,0.993435642328415,4
Diptera LEMA,1.5592927841365645,0.9999999999999994,1.6666666666666665,1.5714285714285714,2,2,0.559292784136565,1.5592927841365654,4
F3 LEMA,0.2811201790483194,0.34899970210076,0.043478260869565216,1,1,1,-0.0678795230524406,0.8055026332577124,4
F4 LEMA,0.41224035809663856,0.5479994042015198,0.08695652173913043,1,1,1,-0.13575904610488126,0.7522642450630155,4
F6 LEMA,0.7883347505755354,0.919292029776386,1.0434782608695652,1,2,2,-0.13095727920085065,0.857545507891866,4
Mordellidae LEMA,0.5967230253261366,0.6709321502066186,0.6666666666666666,1,1,1,-0.07420912488048192,0.8893939948210431,4
B4 ME,0.4201193697361777,0.9999999999999999,1,1,1,1,-0.5798806302638222,0.42011936973617775,4
Andrena_cinerea ME,0.6355749876145358,0.9999999999999999,1.1428571428571428,2,3,3,-0.3644250123854641,0.6355749876145359,4
C5 RAPE,0.41403362602952115,0.9999999999999999,1,1,1,1,-0.5859663739704788,0.4140336260295212,4
Eupeodes_corollae RAPE,0.6212555906576968,0.9999999999999999,1.1666666666666667,2,3,3,-0.37874440934230313,0.6212555906576969,4
A1 CHFU,0.3508280632170572,0.4487960738477683,0.07142857142857142,1,1,1,-0.09796801063071114,0.7817092966282456,5
Dilophus_sp. CHFU,4.961634503009647,4.921347098669127,9.428571428571429,1.4999999999999998,11,11,0.04028740434052036,1.008186255416005,5
A3 CHFU,1.1203266741030329,1.3700072762356739,1.1428571428571428,1,2,2,-0.24968060213264098,0.8177523532439327,5
Sphaerophoria_scripta CHFU,1.003536260592209,0.7322530924001613,0.9285714285714286,1.5,2,2,0.27128316819204756,1.3704773267707784,5
A4 CHFU,0.5516561264341144,0.7475921476955367,0.14285714285714285,1,1,1,-0.1959360212614223,0.7379105413755377,5
A5 CHFU,0.5516561264341145,0.7475921476955367,0.14285714285714285,1,1,1,-0.19593602126142218,0.7379105413755378,5
B1 CHFU,0.3508280632170572,0.4487960738477683,0.07142857142857142,1,1,1,-0.09796801063071114,0.7817092966282456,5
B2 CHFU,0.7472904203049943,0.8831781548054835,0.5714285714285714,1,2,2,-0.1358877345004892,0.8461377993091123,5
Eupeodes_corollae CHFU,1.3992789073691894,1.022075484606388,1.9285714285714286,1.5,3,3,0.3772034227628014,1.3690563255296808,5
B3 CHFU,0.546462357087937,0.5843820809577149,0.5,1,1,1,-0.03791972386977793,0.9351114192145776,5
C3 CHFU,0.9999999999999999,0.9999999999999994,1,1,1,1,4.440892098500626e-16,1.0000000000000004,5
Episyrphus_balteatus CHFU,0.9999999999999999,0.9999999999999994,1,1,1,1,4.440892098500626e-16,1.0000000000000004,5
C4 CHFU,0.35082806321705723,0.4487960738477684,0.07142857142857142,1,1,1,-0.09796801063071114,0.7817092966282457,5
D1 CHFU,0.4515845779439196,0.5062095839104263,0.3333333333333333,1,1,1,-0.05462500596650666,0.8920901387434567,5
Diptera CHFU,1.596624236173692,1.2572102961544456,2.1285714285714286,1.5,4,4,0.3394139400192464,1.26997387871977,5
D2 CHFU,0.5516561264341143,0.747592147695537,0.14285714285714285,1,1,1,-0.19593602126142262,0.7379105413755374,5
D5 CHFU,0.3508280632170572,0.4487960738477683,0.07142857142857142,1,1,1,-0.09796801063071114,0.7817092966282456,5
E1 CHFU,1.0657155216615786,0.9921089376288473,1.3333333333333333,1,2,2,0.07360658403273124,1.074192038032287,5
Meligethes_sp. CHFU,1.083760488913516,0.5716462984922601,0.9285714285714286,1.5,2,2,0.5121141904212558,1.8958584911193817,5
F5 CHFU,0.3508280632170571,0.4487960738477683,0.07142857142857142,1,1,1,-0.0979680106307112,0.7817092966282455,5
F6 CHFU,1.3722383363599993,1.501681478460726,1.3333333333333333,1,2,2,-0.12944314210072672,0.9138011995503799,5
Scaeva_sp. CHFU,1.0831220687247995,1.1711434053532936,0.8,1,1,1,-0.0880213366284941,0.9248415384263372,5
A1 LEMA,0.8511622445631291,1.029807169498134,1.3333333333333333,1,3,3,-0.17864492493500483,0.826525848502234,5
Eupeodes_corollae LEMA,1.8321077459404727,1.620779103639489,2.958333333333333,1.4285714285714286,6,6,0.2113286423009837,1.1303870723816969,5
Meligethes_sp. LEMA,1.8856133027739022,1.938952257612276,3.9166666666666665,1.4285714285714284,6,6,-0.05333895483837381,0.9724908364148903,5
Nemotelus_sp. LEMA,0.39116263595955314,0.44177869802447123,0.3333333333333333,1,1,1,-0.05061606206491809,0.8854266575295254,5
A2 LEMA,1.0105934070235576,1.2456526775287706,1.6666666666666665,1,2,2,-0.23505927050521302,0.8112962989237552,5
Coleoptera LEMA,0.32180087919400485,0.3617609551798911,0.2,1,1,1,-0.039960075985886245,0.8895401081467857,5
Sphaerophoria_scripta LEMA,1.4799898984251767,1.3908632922809352,1.7583333333333333,1.4285714285714286,4,4,0.0891266061442415,1.064080062101631,5
A3 LEMA,1.0286580390793085,0.9999999999999996,1,1,1,1,0.028658039079308972,1.028658039079309,5
Diptera LEMA,1.4767362001332915,0.9999999999999996,1.5,1.4285714285714286,2,2,0.476736200133292,1.4767362001332922,5
A4 LEMA,0.336989985858412,0.4246849031617391,0.16666666666666666,1,1,1,-0.08769491730332712,0.7935059225076128,5
A6 LEMA,0.3512257637548946,0.3623315903876784,0.0625,1,1,1,-0.01110582663278381,0.9693489970860639,5
Psilothrix_viridicoerulea LEMA,3.787779082445075,3.9968299367092412,8.083333333333332,1,11,11,-0.20905085426416603,0.947695834555251,5
B2 LEMA,0.7341355456488862,0.8042735537909512,0.29166666666666663,1,2,2,-0.07013800814206506,0.9127933427482865,5
B4 LEMA,0.5524515275097893,0.5746631807753568,0.125,1,1,1,-0.02221165326556751,0.9613483967502516,5
B5 LEMA,0.3512257637548947,0.3623315903876786,0.0625,1,1,1,-0.011105826632783866,0.9693489970860638,5
C1 LEMA,0.6613473438413757,0.7284217747598711,0.29166666666666663,1,3,3,-0.06707443091849541,0.90791814132601,5
Dilophus_sp. LEMA,4.392764105124518,3.1821405734725072,3.583333333333333,1.4285714285714286,7,7,1.2106235316520104,1.380443133701953,5
C3 LEMA,0.3512257637548947,0.3623315903876785,0.0625,1,1,1,-0.011105826632783755,0.9693489970860641,5
C4 LEMA,0.5145816789142128,0.5313828083534055,0.125,1,2,2,-0.016801129439192652,0.9683822487760674,5
C5 LEMA,0.640067745477954,0.6571536538971806,0.1875,1,1,1,-0.017085908419226636,0.974000131753205,5
D1 LEMA,2.3875657840506115,2.5516925482996493,2.7291666666666665,1,5,5,-0.16412676424903783,0.9356792555755177,5
Malachius_bipustulatus LEMA,0.31911924303691835,0.3307448888378919,0.08333333333333333,1,1,1,-0.011625645800973528,0.9648501119947114,5
Mordellidae LEMA,0.31911924303691835,0.3307448888378918,0.08333333333333333,1,1,1,-0.011625645800973472,0.9648501119947116,5
D2 LEMA,0.6767239514375117,0.7782719639969156,0.3958333333333333,1,2,2,-0.10154801255940382,0.8695211735009816,5
D4 LEMA,0.35122576375489467,0.36233159038767837,0.0625,1,1,1,-0.0111058266327837,0.9693489970860643,5
D5 LEMA,0.3316840181390969,0.3796103730155943,0.16666666666666666,1,1,1,-0.04792635487649738,0.8737485635711841,5
E1 LEMA,1.610064568404475,1.7640781369042275,0.7083333333333333,1,4,4,-0.15401356849975256,0.9126945880242979,5
E5 LEMA,0.3369899858584121,0.42468490316173924,0.16666666666666666,1,1,1,-0.08769491730332712,0.7935059225076129,5
F1 LEMA,0.3512257637548946,0.3623315903876785,0.0625,1,1,1,-0.011105826632783866,0.9693489970860638,5
F4 LEMA,0.5239799717168241,0.6993698063234784,0.3333333333333333,1,1,1,-0.17538983460665436,0.7492173196199843,5
A2 CHFU,1.4003943093365425,0.9791921664626684,0.8333333333333333,1,2,2,0.42120214287387414,1.430152688409944,6
Bruchidae CHFU,1.3865540299609433,0.9791921664626684,0.8333333333333333,1,2,2,0.40736186349827497,1.4160183030976132,6
Dilophus_sp. CHFU,3.8888755682537735,1.4577723378212972,2.5,1.6666666666666665,4,4,2.431103230432476,2.667683744133781,6
A3 CHFU,2.2637168770338096,1.4577723378212977,1.8333333333333333,1,3,3,0.805944539212512,1.552860359812445,6
Meligethes_sp. CHFU,1.6927893484260128,0.5630354957160343,1,1.6666666666666665,2,2,1.1297538527099786,3.0065410818783747,6
A5 CHFU,0.5878656490182279,0.9999999999999998,1,1,1,1,-0.41213435098177187,0.587865649018228,6
Cantharidae CHFU,0.85856009611417206,0.9999999999999998,1.6666666666666665,1.6666666666666665,2,2,-0.14143990388582772,0.8585600961141723,6
A6 CHFU,0.8111088466031416,0.5630354957160343,0.3333333333333333,1,1,1,0.24807335088710736,1.4405998427712319,6
B3 CHFU,1.2302809273877207,1.4594594594594597,2,1,2,2,-0.229178532071739,0.8429702650619566,6
Diptera CHFU,1.2872319033500217,0.9770270270270273,1.3333333333333333,1.6666666666666665,2,2,0.3102048763229944,1.3174987669142681,6
Lomatia_sp. CHFU,0.4985795960931875,0.5635135135135135,0.3333333333333333,1,1,1,-0.064933917420326,0.8847695470238819,6
E3 CHFU,0.7366742050261598,0.9999999999999998,1,1,1,1,-0.26332579497384,0.7366742050261599,6
Eucera_sp. CHFU,1.1503415784826663,0.9999999999999998,1.6666666666666665,1.6666666666666665,2,2,0.1503415784826665,1.1503415784826665,6
F2 CHFU,0.6589721891506968,0.9999999999999998,1,1,1,1,-0.341027810849303,0.6589721891506969,6
Andrena_cinerea CHFU,0.9979846846092091,0.9999999999999998,1.6666666666666665,1.6666666666666665,2,2,-0.002015315390790695,0.9979846846092093,6
A1 LEMA,0.8657440737049744,1.1169435555915894,0.26190476190476186,1,2,2,-0.251199481886615,0.7751010061080775,6
Dilophus_sp. LEMA,5.331997113765179,5.090946976665313,9.102380952380951,1.6666666666666674,16,16,0.2410501370998661,1.0473487817108948,6
Psilothrix_viridicoerulea LEMA,3.224197812357642,3.916371363728521,5.201190476190477,1.0000000000000002,11,11,-0.6921735513708791,0.8232615124853977,6
A3 LEMA,0.49952771405897756,0.6579257861887678,0.38095238095238093,1,2,2,-0.1583980721297903,0.7592462927356008,6
Diptera LEMA,1.29433150342249,1.0654011058485062,2.5,1.6666666666666665,4,4,0.2289303975739838,1.214877191620389,6
A4 LEMA,0.47126919504301845,0.5844406814922255,0.19047619047619047,1,2,2,-0.11317148644920705,0.80635932775889,6
Sphaerophoria_scripta LEMA,1.5793468893659395,1.8807644632043996,3.142857142857143,0.9999999999999998,7,7,-0.30141757383846013,0.8397366710529439,6
A6 LEMA,0.27949135847715434,0.3560621395316912,0.047619047619047616,1,1,1,-0.07657078105453685,0.7849510729917925,6
B1 LEMA,0.6347381490489428,0.8883478131521103,0.4809523809523809,1,3,3,-0.25360966410316754,0.7145153504647145,6
Meligethes_sp. LEMA,2.6511849998032364,2.710847376039322,5.517857142857142,1.666666666666667,10,10,-0.059662376236085723,0.9779912448176056,6
B2 LEMA,0.2852104349899651,0.3804220269633425,0.1,1,1,1,-0.09521159197337736,0.7497211380387498,6
B3 LEMA,1.2899364971081462,1.7299194753337936,1.2507936507936508,1,4,4,-0.43998297822564747,0.7456627406655727,6
Eristalis_sp. LEMA,0.6982230112709622,0.8852157770168623,0.5,1,1,1,-0.18699276574590007,0.7887602428686288,6
B4 LEMA,1.4406072760856619,1.8408734919549887,2.3936507936507936,0.9999999999999998,6,6,-0.40026621586932687,0.7825672336428462,6
Chrysotoxum_sp. LEMA,0.32493088352468763,0.37353463830882017,0.14285714285714285,1,2,2,-0.048603754784132536,0.8698815322611412,6
Eupeodes_corollae LEMA,0.32493088352468763,0.3735346383088201,0.14285714285714285,1,2,2,-0.04860375478413248,0.8698815322611413,6
B5 LEMA,0.2794913584771543,0.35606213953169136,0.047619047619047616,1,1,1,-0.07657078105453707,0.784951072991792,6
B6 LEMA,0.7590151423342211,0.8897590353709425,0.2222222222222222,1,1,1,-0.1307438930367214,0.8530569650442336,6
C1 LEMA,1.2171227821013142,1.4671000681917044,1.5396825396825395,0.9999999999999999,4,4,-0.24997728609039016,0.8296112913425849,6
Cantharidae LEMA,0.6143361601431715,0.35783917632715834,0.8333333333333333,1.6666666666666665,2,2,0.25649698381601316,1.7167940258768872,6
Coleoptera LEMA,0.6717213610830984,0.8150575466991737,0.8333333333333333,1,3,3,-0.1433361856160753,0.8241397970038321,6
C3 LEMA,0.2852104349899651,0.3804220269633425,0.1,1,1,1,-0.09521159197337736,0.7497211380387498,6
C4 LEMA,0.8407702027009833,1.0796466208428688,1.0952380952380953,1,2,2,-0.23887641814188543,0.7787457363082403,6
Andrena_cinerea LEMA,0.8466421289150493,0.6088498138582191,1.1666666666666665,1.6666666666666665,2,2,0.23779231505683018,1.390559887913843,6
C6 LEMA,0.4940316221494195,0.5633183008032698,0.1984126984126984,1,2,2,-0.06928667865385035,0.8770026136998385,6
D1 LEMA,0.7530143391037277,0.975442579866652,0.2936507936507936,1,3,3,-0.22242824076292422,0.7719719793313398,6
D2 LEMA,0.43062637815782273,0.4957498317518808,0.5,1,1,1,-0.06512345359405808,0.8686364585058459,6
Eucera_sp. LEMA,1.1004956006189124,0.8135290158867784,1.9166666666666665,1.6666666666666665,3,3,0.286966584732134,1.3527429005335836,6
D3 LEMA,0.9098684352972074,1.139490159518493,0.7984126984126985,1,4,4,-0.22962172422128557,0.7984873126782285,6
D4 LEMA,0.27949135847715423,0.3560621395316913,0.047619047619047616,1,1,1,-0.07657078105453707,0.7849510729917919,6
D5 LEMA,0.6220661963675874,0.7719348699391926,0.4365079365079365,1,3,3,-0.14986867357160516,0.8058532145549913,6
D6 LEMA,0.3700363555818234,0.45186364665707673,0.3333333333333333,1,1,1,-0.08182729107525333,0.8189115418321032,6
E1 LEMA,0.610741922286808,0.8417770254914503,0.5333333333333333,1,2,2,-0.23103510320464227,0.7255388348597916,6
E2 LEMA,0.34177783656586413,0.37837854196053433,0.14285714285714285,1,1,1,-0.0366007053946702,0.9032696061329828,6
F2 LEMA,0.3022537855835554,0.3349397588427357,0.05555555555555555,1,1,1,-0.03268597325918027,0.9024123819396213,6
F3 LEMA,0.2794913584771543,0.3560621395316913,0.047619047619047616,1,1,1,-0.07657078105453702,0.7849510729917921,6
F4 LEMA,0.4712691950430186,0.5844406814922256,0.19047619047619047,1,2,2,-0.11317148644920699,0.8063593277588901,6
F5 LEMA,0.5897180061570759,0.750301544648814,0.2111111111111111,1,2,2,-0.16058353849173812,0.7859746662698118,6
F6 LEMA,0.2852104349899651,0.3804220269633425,0.1,1,1,1,-0.09521159197337736,0.7497211380387498,6
E5 ME,1.0000000000000002,0.9999999999999999,1,1,1,1,3.3306690738754696e-16,1.0000000000000004,6
Eupeodes_corollae ME,1.0000000000000002,0.9999999999999999,1,1,2,2,3.3306690738754696e-16,1.0000000000000004,6
A3 RAPE,1.0000000000000002,0.9999999999999999,1,1,1,1,3.3306690738754696e-16,1.0000000000000004,6
Chrysotoxum_sp. RAPE,1.0000000000000002,0.9999999999999999,1,1,2,2,3.3306690738754696e-16,1.0000000000000004,6
A1 CHFU,0.2277236043503893,0.3458995018597269,0.017543859649122806,1,1,1,-0.1181758975093376,0.6583519291760598,7
Dilophus_sp. CHFU,11.292782514438912,13.136790124711094,26.00833333333333,2.166666666666667,33,33,-1.8440076102721825,0.8596302755264779,7
A5 CHFU,0.8316444781060292,1.728554253643986,0.45614035087719296,1,2,2,-0.8969097755379568,0.48112142060501106,7
Ulidiidae CHFU,0.4855738152469557,0.7314979080914037,0.525,1,2,2,-0.245924092844448,0.6638075240897083,7
B1 CHFU,0.2277236043503892,0.34589950185972707,0.017543859649122806,1,1,1,-0.11817589750933785,0.6583519291760592,7
B2 CHFU,0.6332959511197721,1.0559249496008307,1.0526315789473684,1,2,2,-0.4226289984810586,0.5997546997626827,7
Eupeodes_corollae CHFU,0.3433090130353393,0.37438405179017653,0.41666666666666663,1.1666666666666667,2,2,-0.031075038754837248,0.9169968950166358,7
B3 CHFU,0.3054472087007786,0.541799003719454,0.03508771929824561,1,1,1,-0.23635179501867537,0.5637648031906323,7
B4 CHFU,0.2277236043503893,0.34589950185972684,0.017543859649122806,1,1,1,-0.11817589750933755,0.6583519291760599,7
B5 CHFU,0.3054472087007786,0.5417990037194538,0.03508771929824561,1,1,1,-0.23635179501867515,0.5637648031906325,7
B6 CHFU,0.6851052278862946,1.343297785038355,0.33771929824561403,1,2,2,-0.6581925571520604,0.5100173881897176,7
Empididae CHFU,0.689351558279286,1.006118944657509,1.1166666666666667,1,4,4,-0.316767386378223,0.6851591076181821,7
C2 CHFU,1.064365524447904,1.2975087466990642,1.5350877192982457,1,3,3,-0.23314322225116024,0.8203147201556138,7
Andrena_cinerea CHFU,1.2900606381073434,0.5911529738776822,1.4,2,4,4,0.6989076642296612,2.18227886031793,7
Musca_sp. CHFU,0.6608393554557004,0.5958346239613673,1.0333333333333332,1.3333333333333335,4,4,0.06500473149433306,1.1090986137431111,7
C3 CHFU,0.7270929101417354,1.1701147607109699,0.9517543859649122,1,3,3,-0.4430218505692345,0.6213859824312862,7
C5 CHFU,0.2277236043503891,0.34589950185972707,0.017543859649122806,1,1,1,-0.11817589750933796,0.6583519291760589,7
C6 CHFU,0.38317081305116774,0.7376985055791807,0.05263157894736842,1,1,1,-0.35452769252801297,0.5194138393303823,7
D1 CHFU,0.37421081048473737,0.5596997775994474,0.2675438596491228,1,2,2,-0.18548896711471008,0.6685920299803007,7
D2 CHFU,0.516089753252283,0.7950287189030353,0.5350877192982456,1,2,2,-0.27893896565075227,0.6491460509305542,7
D3 CHFU,0.2277236043503893,0.34589950185972707,0.017543859649122806,1,1,1,-0.11817589750933777,0.6583519291760596,7
D4 CHFU,0.2277236043503893,0.3458995018597269,0.017543859649122806,1,1,1,-0.1181758975093376,0.6583519291760598,7
D5 CHFU,0.22772360435038927,0.3458995018597269,0.017543859649122806,1,1,1,-0.11817589750933763,0.6583519291760598,7
D6 CHFU,0.3831708130511678,0.7376985055791805,0.05263157894736842,1,1,1,-0.3545276925280127,0.5194138393303825,7
E1 CHFU,0.22772360435038924,0.3458995018597269,0.017543859649122806,1,1,1,-0.11817589750933766,0.6583519291760597,7
E2 CHFU,0.6232443179876953,1.055924949600831,1.0526315789473684,1,2,2,-0.43268063161313564,0.5902354312428161,7
Diptera CHFU,0.2824394175723852,0.3743840517901766,0.25,1,1,1,-0.09194463421779137,0.7544109216775032,7
E3 CHFU,0.30544720870077846,0.5417990037194537,0.03508771929824561,1,1,1,-0.2363517950186752,0.5637648031906323,7
E4 CHFU,0.3054472087007786,0.5417990037194537,0.03508771929824561,1,1,1,-0.23635179501867504,0.5637648031906326,7
E5 CHFU,0.22772360435038927,0.3458995018597269,0.017543859649122806,1,1,1,-0.11817589750933763,0.6583519291760598,7
E6 CHFU,1.2486069381237643,1.0000000000000002,1,1,1,1,0.2486069381237641,1.248606938123764,7
Odontomyia_sp. CHFU,1.7233050009784543,1.0000000000000002,1.5,1.3333333333333335,3,3,0.7233050009784541,1.7233050009784538,7
F1 CHFU,0.3054472087007786,0.5417990037194537,0.03508771929824561,1,1,1,-0.23635179501867504,0.5637648031906326,7
F2 CHFU,0.7512922124640902,1.0777718132224858,1.2850877192982457,1,3,3,-0.32647960075839566,0.6970791063998627,7
Scaeva_sp. CHFU,0.6456736811605089,0.3790265103097783,1.0833333333333335,1.8333333333333335,2,2,0.26664717085073064,1.7035053316793065,7
F3 CHFU,0.2277236043503892,0.34589950185972707,0.017543859649122806,1,1,1,-0.11817589750933785,0.6583519291760592,7
F4 CHFU,0.38317081305116774,0.7376985055791807,0.05263157894736842,1,1,1,-0.35452769252801297,0.5194138393303823,7
F5 CHFU,0.22772360435038927,0.34589950185972695,0.017543859649122806,1,1,1,-0.11817589750933769,0.6583519291760597,7
D1 CHMI,0.3675641426272056,0.8155493599970516,0.4,1,1,1,-0.447985217369846,0.45069515182813025,7
Mordellidae CHMI,1.2797890742776796,1.9574981176383868,2.833333333333333,2,4,4,-0.6777090433607071,0.6537881506735109,7
D3 CHMI,0.5877674634235898,0.9999999999999996,1,1,1,1,-0.4122325365764098,0.58776746342359,7
Dilophus_sp. CHMI,1.0300410904084467,0.9999999999999996,1.1666666666666667,2,6,6,0.030041090408447158,1.0300410904084472,7
F4 CHMI,0.6877514259196462,1.2422165005449637,1.4,1,2,2,-0.5544650746253175,0.553648599594296,7
Psilothrix_viridicoerulea CHMI,0.7533818430410365,0.5019613418210731,0.5,2,2,2,0.2514205012199634,1.5008762234713757,7
F5 CHMI,0.2587820713136028,0.48277467999852575,0.2,1,1,1,-0.22399260868492293,0.5360307448484934,7
A4 LEMA,0.6635026878458781,0.6962293936563766,0.16993464052287582,1,2,2,-0.032726705810498524,0.9529943634832362,7
Psilothrix_viridicoerulea LEMA,3.3642736155450486,3.3431718767714242,6.142857142857143,1.1666666666666667,11,11,0.021101738773624312,1.0063118916859288,7
Sphaerophoria_scripta LEMA,3.910442112994738,4.013690821600293,6.966666666666667,1.0000000000000002,13,13,-0.1032487086055549,0.9742758689707971,7
A5 LEMA,0.6870615069812995,0.731170880483605,1.0555555555555556,1,2,2,-0.04410937350230548,0.9396729619851231,7
Eupeodes_corollae LEMA,0.48368866347848627,0.46074762420553206,0.6666666666666666,1.1666666666666667,2,2,0.02294103927295421,1.0497909008484014,7
A6 LEMA,0.3782632478990372,0.3642122253616662,0.1,1,1,1,0.014051022537371005,1.0385792171677328,7
Dilophus_sp. LEMA,4.923324954685117,2.5201438277843082,6.233333333333334,1.8333333333333335,13,13,2.4031811269008085,1.9535888787004936,7
B3 LEMA,0.42698952608361346,0.48751544592095686,0.13025210084033612,1,2,2,-0.0605259198373434,0.8758482006185364,7
Andrena_cinerea LEMA,2.5519655629225344,2.805877563709881,3.8,1.1666666666666663,10,10,-0.25391200078734677,0.9095070989299944,7
B4 LEMA,0.681225484526732,0.8314274083295426,0.2857142857142857,1,1,1,-0.1502019238028106,0.8193445124637063,7
B5 LEMA,1.0131955230563507,1.083996729344243,0.35396825396825393,1,3,3,-0.07080120628789222,0.9346850369827934,7
B6 LEMA,0.8076858427978086,0.8633879874949478,0.22875816993464052,1,2,2,-0.05570214469713919,0.9354842255116907,7
C1 LEMA,1.4570138059303919,1.429192426618404,1.3111111111111111,1,3,3,0.027821379311987915,1.0194665034559522,7
Musca_sp. LEMA,0.943466229879157,0.5549378542085476,1.5,1.6666666666666667,3,3,0.3885283756706094,1.7001295239171035,7
C2 LEMA,1.1441137630039417,1.1871008918149757,1.2732026143790849,1,4,4,-0.04298712881103395,0.9637881420969111,7
Malachius_bipustulatus LEMA,0.3444993397106702,0.35180715160854586,0.2,1,1,1,-0.00730781189787566,0.979227790383275,7
C3 LEMA,0.848162207119158,0.9921894856804848,0.31932773109243695,1,2,2,-0.1440272785613268,0.8548389388922552,7
C4 LEMA,1.0036369999220867,1.1765600961250617,0.41199813258636786,0.9999999999999999,4,4,-0.17292309620297508,0.8530265502183118,7
Odontomyia_sp. LEMA,2.973528591250192,2.2418194747825497,4.29047619047619,1.6666666666666665,7,7,0.7317091164676421,1.3263907396194852,7
C5 LEMA,0.5193195328939474,0.5290707998178052,0.1111111111111111,1,1,1,-0.00975126692385786,0.9815690699104621,7
C6 LEMA,0.27637496512813325,0.30879554613043064,0.08333333333333333,1,1,1,-0.03242058100229739,0.8950095575905638,7
D1 LEMA,0.3346597664469739,0.3395353999089026,0.05555555555555555,1,1,1,-0.004875633461928652,0.9856402794429188,7
D2 LEMA,0.5224464028509678,0.5313708192002374,0.1588235294117647,1,2,2,-0.00892441634926966,0.9832049182476716,7
D3 LEMA,0.33465976644697376,0.33953539990890264,0.05555555555555555,1,1,1,-0.004875633461928874,0.9856402794429182,7
D4 LEMA,0.7918015622685519,0.7698038753215912,1.1,1,2,2,0.021997686946960693,1.0285757030487421,7
Melanostoma_sp. LEMA,0.4865156639641347,0.47716664701167627,0.5,1,1,1,0.009349016952458433,1.0195927712278468,7
D5 LEMA,1.025288138441663,1.0306611458570107,0.5555555555555556,1,3,3,-0.005373007415347741,0.9947868342209796,7
Mordellidae LEMA,1.7102151657035503,1.0105369767379582,2.3666666666666667,1.1666666666666665,4,4,0.6996781889655921,1.6923825699324462,7
D6 LEMA,1.0012702011196162,0.7936904404752982,0.6,1,2,2,0.20757976064431793,1.2615374333096536,7
E1 LEMA,0.43836630990386133,0.4843171876771423,0.11764705882352941,1,1,1,-0.045950877773280996,0.9051223476216728,7
E2 LEMA,0.5825494648557921,0.6514757815157136,0.17647058823529413,1,1,1,-0.06892631665992155,0.8941997252767269,7
E3 LEMA,0.6461632430572631,0.5542745074657185,0.3055555555555556,1,2,2,0.09188873559154465,1.1657819985474036,7
E4 LEMA,0.46103473157510694,0.49833094603933326,0.1388888888888889,1,2,2,-0.03729621446422632,0.9251577395290187,7
E6 LEMA,1.0524329457207295,1.2699318706211549,0.5588235294117647,1,2,2,-0.21749892490042533,0.8287318163028373,7
F2 LEMA,0.6065264957980747,0.5784244507233324,0.2,1,1,1,0.028102045074742343,1.0485837779499123,7
F3 LEMA,0.8991302573330162,0.9739878540683674,1.5714285714285714,1,3,3,-0.0748575967353512,0.9231431927793868,7
Coleoptera LEMA,0.40475357291102126,0.4259632253193708,0.3333333333333333,1,1,1,-0.021209652408349544,0.9502077852085767,7
Curculionidae LEMA,0.6406667040634466,0.6860288481518043,0.8333333333333333,1,2,2,-0.0453621440883577,0.9338772061691494,7
F4 LEMA,0.5550897203586479,0.6119191125469023,0.5714285714285714,1,2,2,-0.056829392188254446,0.9071292413931611,7
A5 ME,0.5388587599754825,0.9655405405405403,0.5,1,1,1,-0.4266817805650578,0.558090248260122,7
Odontomyia_sp. ME,2.13491083908108,1.9189189189189184,3.6666666666666665,2.333333333333333,5,5,0.2159919201621614,1.1125591696619714,7
B3 ME,0.3444293799877412,0.5577702702702703,0.25,1,1,1,-0.21334089028252906,0.6175111839877129,7
B5 ME,0.34442937998774126,0.5577702702702703,0.25,1,1,1,-0.213340890282529,0.617511183987713,7
D2 ME,1.2883002019867362,0.9999999999999999,1,1,1,1,0.28830020198673634,1.2883002019867364,7
Dilophus_sp. ME,3.1247456525126087,0.9999999999999999,1.6666666666666665,2.333333333333333,6,6,2.1247456525126087,3.124745652512609,7
E2 ME,0.46043147001504464,0.9999999999999999,1,1,1,1,-0.5395685299849553,0.4604314700150447,7
Musca_sp. ME,0.852164819649142,0.9999999999999999,1.6666666666666665,2.333333333333333,3,3,-0.14783518035085785,0.8521648196491421,7
A6 PUPA,0.4208202605438977,0.4208202605438975,0.1,1,1,1,2.220446049250313e-16,1.0000000000000004,7
Bombyliidae PUPA,3.1861207122811486,3.1861207122811472,5.45,1,8,8,1.3322676295501878e-15,1.0000000000000004,7
B4 PUPA,0.7091400414186388,0.7091400414186386,0.26666666666666666,1,2,2,2.220446049250313e-16,1.0000000000000002,7
Lasiocampa_trifolii PUPA,2.035198453233466,2.035198453233466,3.45,0.9999999999999999,6,6,0,1,7
B5 PUPA,0.6856293719589841,0.685629371958984,0.225,1,2,2,1.1102230246251565e-16,1.0000000000000002,7
Eucera_sp. PUPA,2.4923210486125775,2.4923210486125766,3.9,1,5,5,8.881784197001252e-16,1.0000000000000004,7
C2 PUPA,1.597028947105566,1.5970289471055654,1.5166666666666666,1,4,4,6.661338147750939e-16,1.0000000000000004,7
Dilophus_sp. PUPA,0.4214949210079461,0.4214949210079462,0.2,1,6,6,-1.1102230246251565e-16,0.9999999999999998,7
C3 PUPA,0.9999999999999999,0.9999999999999998,1,1,1,1,1.1102230246251565e-16,1.0000000000000002,7
Colias_croceus PUPA,0.9999999999999999,0.9999999999999998,1,1,1,1,1.1102230246251565e-16,1.0000000000000002,7
C4 PUPA,0.42082026054389754,0.42082026054389754,0.1,1,1,1,0,1,7
D2 PUPA,0.6796182228301728,0.6796182228301727,0.25,1,1,1,1.1102230246251565e-16,1.0000000000000002,7
D3 PUPA,0.41480911141508636,0.4148091114150865,0.125,1,1,1,-1.1102230246251565e-16,0.9999999999999998,7
D5 PUPA,0.6796182228301728,0.6796182228301726,0.25,1,1,1,2.220446049250313e-16,1.0000000000000002,7
E3 PUPA,0.9999999999999999,0.9999999999999998,1,1,1,1,1.1102230246251565e-16,1.0000000000000002,7
Andrena_cinerea PUPA,0.9999999999999999,0.9999999999999998,1,1,4,4,1.1102230246251565e-16,1.0000000000000002,7
E4 PUPA,1.2507805625064337,1.2507805625064337,0.4666666666666667,1,2,2,0,1,7
E6 PUPA,0.42082026054389765,0.42082026054389754,0.1,1,1,1,1.1102230246251565e-16,1.0000000000000002,7
F3 PUPA,0.7091400414186388,0.7091400414186386,0.26666666666666666,1,2,2,2.220446049250313e-16,1.0000000000000002,7
F4 PUPA,0.43831978087474105,0.4383197808747411,0.16666666666666666,1,1,1,-5.551115123125783e-17,0.9999999999999999,7
F6 PUPA,0.43831978087474116,0.4383197808747411,0.16666666666666666,1,1,1,5.551115123125783e-17,1.0000000000000002,7
C4 RAPE,1.2274840287012645,0.6936936936936937,0.3333333333333333,1,1,1,0.5337903350075708,1.7694899634524721,7
Dilophus_sp. RAPE,6.9719554798317125,1.9189189189189184,3.8333333333333335,1.8333333333333333,8,8,5.053036560912794,3.633272573996809,7
D4 RAPE,1.227484028701265,0.6936936936936935,0.3333333333333333,1,1,1,0.5337903350075714,1.7694899634524734,7
D6 RAPE,1.2274840287012652,0.6936936936936935,0.3333333333333333,1,1,1,0.5337903350075717,1.7694899634524737,7
E3 RAPE,0.5532289032142677,0.9999999999999999,1,1,1,1,-0.44677109678573224,0.5532289032142678,7
Scaeva_sp. RAPE,0.869709399089597,0.9999999999999999,1.8333333333333335,1.8333333333333335,2,2,-0.1302906009104029,0.8697093990895971,7
E5 RAPE,0.7119537925853546,0.9999999999999999,1,1,1,1,-0.28804620741464526,0.7119537925853547,7
Andrena_cinerea RAPE,1.2120571996939022,0.9999999999999999,1.8333333333333335,1.8333333333333335,4,4,0.21205719969390235,1.2120571996939025,7
F6 RAPE,0.9999999999999999,0.9999999999999999,1,1,1,1,0,1,7
Lomatia_sp. RAPE,0.9999999999999999,0.9999999999999999,1,1,1,1,0,1,7
A2 CHFU,0.7719874876873408,1.288952897054258,0.2692307692307692,1,1,1,-0.5169654093669173,0.598926065841213,8
Diptera CHFU,3.7371517117298114,4.976937029144658,6.228571428571429,1.375,11,11,-1.2397853174148463,0.7508939112239648,8
A3 CHFU,0.48822229722530724,0.6023547967179366,0.3717948717948718,1,2,2,-0.11413249949262932,0.8105228013215707,8
Scaeva_sp. CHFU,0.88011861826136,1.022284376456116,1.8333333333333333,1,3,3,-0.14216575819475608,0.860933257448781,8
A4 CHFU,0.3970880277163997,0.5665295853728478,0.09401709401709402,1,2,2,-0.16944155765644808,0.700913134933749,8
Dilophus_sp. CHFU,5.44506548906867,5.375054724370114,10.678571428571429,1.6250000000000002,18,18,0.07001076469855594,1.0130251259361382,8
A5 CHFU,0.5553207000482108,0.8203516140236583,0.14957264957264957,1,2,2,-0.26503091397544754,0.6769300999171262,8
A6 CHFU,0.6464549695571631,0.8561768253687476,0.4273504273504274,1,3,3,-0.20972185581158453,0.755048432055774,8
B1 CHFU,0.30823267233265184,0.4038220286508108,0.05555555555555555,1,1,1,-0.09558935631815896,0.7632884054455185,8
B2 CHFU,0.7329175397310973,1.0618995707266725,0.48717948717948717,1,2,2,-0.3289820309955752,0.6901947791819444,8
Eupeodes_corollae CHFU,0.8029274759834883,0.9214212135477347,1.45,1,3,3,-0.1184937375642463,0.8714011183788448,8
B3 CHFU,0.39936694184150523,0.43964723999589955,0.3333333333333333,1,1,1,-0.04028029815439432,0.9083804139091832,8
B4 CHFU,0.30823267233265184,0.40382202865081074,0.05555555555555555,1,1,1,-0.0955893563181589,0.7632884054455186,8
B5 CHFU,0.976281382408146,1.1364204435833143,0.7051282051282051,1,3,3,-0.1601390611751683,0.8590846705729577,8
Empididae CHFU,1.799752619394214,1.9858007400803015,3.75,0.9999999999999999,5,5,-0.18604812068608756,0.9063107808699054,8
B6 CHFU,0.40496495441495867,0.4313217715113761,0.16666666666666666,1,1,1,-0.026356817096417406,0.938892912815271,8
C2 CHFU,0.646826599682474,0.5711627096174101,0.5,1,1,1,0.07566389006506391,1.132473441964982,8
Lomatia_sp. CHFU,1.3151292344517536,0.9909710814527296,2.333333333333333,1.125,3,3,0.32415815299902395,1.327111617146102,8
C3 CHFU,0.9491916430575853,1.1150114234666904,1.5555555555555556,1,3,3,-0.16581978040910506,0.8512842317852193,8
Andrena_cinerea CHFU,1.1991421908622548,0.7415470047003562,1.5952380952380951,1.625,5,5,0.45759518616189865,1.617081834679925,8
Odontomyia_sp. CHFU,0.5295160053780217,0.4659199033155621,0.7619047619047619,1.375,2,2,0.06359610206245958,1.1364957830946893,8
C4 CHFU,0.30823267233265184,0.4038220286508108,0.05555555555555555,1,1,1,-0.09558935631815896,0.7632884054455185,8
C6 CHFU,0.752509449251391,1.2173598122609954,0.24786324786324787,1,2,2,-0.4648503630096045,0.6181487524660104,8
D1 CHFU,1.0000000000012759,0.9999999999999998,1,1,1,1,1.276090344504155e-12,1.000000000001276,8
Episyrphus_balteatus CHFU,1.0000000000005118,0.9999999999999998,1,1,1,1,5.120348589571222e-13,1.000000000000512,8
D2 CHFU,1.2283986019956614,1.2546450998044625,1.5555555555555556,1,3,3,-0.02624649780880106,0.9790805401360978,8
Bruchidae CHFU,0.49804627056615997,0.5054827782779311,0.3333333333333333,1,1,1,-0.007436507711771123,0.9852883064837428,8
D3 CHFU,0.40496495441495867,0.43132177151137613,0.16666666666666666,1,1,1,-0.026356817096417462,0.9388929128152709,8
D5 CHFU,0.951399520526296,1.1903601609571,1.2606837606837606,1,4,4,-0.238960640430804,0.7992534963210887,8
Calliphoridae CHFU,0.3521723981126071,0.4029515342033836,0.25,1,1,1,-0.0507791360907765,0.8739820256766996,8
D6 CHFU,0.377496118196106,0.4110693438385248,0.3333333333333333,1,1,1,-0.03357322564241877,0.9183270994404124,8
E1 CHFU,0.505421421535832,0.8008302268881475,0.15384615384615385,1,1,1,-0.2954088053523155,0.6311218090503277,8
E2 CHFU,1.189668520894668,0.9999999999999998,1,1,1,1,0.18966852089466824,1.1896685208946682,8
Sphaerophoria_scripta CHFU,1.9876015840647654,0.9999999999999998,1.9285714285714286,1.625,3,3,0.9876015840647656,1.9876015840647658,8
E3 CHFU,0.30823267233265184,0.40382202865081074,0.05555555555555555,1,1,1,-0.0955893563181589,0.7632884054455186,8
E4 CHFU,0.780087148428239,0.9728015342992727,0.6111111111111112,1,2,2,-0.19271438587103373,0.8018975309184215,8
E5 CHFU,0.6812190595662149,0.831815309042365,1.0555555555555556,1,2,2,-0.15059624947615013,0.8189547032387208,8
Musca_sp. CHFU,0.7130622108881454,0.503521506343005,1.4285714285714286,1.625,4,4,0.2095407045451404,1.4161504561483391,8
F3 CHFU,0.40496495441495867,0.4313217715113761,0.16666666666666666,1,1,1,-0.026356817096417406,0.938892912815271,8
F4 CHFU,0.30823267233265184,0.40382202865081074,0.05555555555555555,1,1,1,-0.0955893563181589,0.7632884054455186,8
F6 CHFU,0.4664653446644629,0.6576440573016217,0.1111111111111111,1,1,1,-0.1911787126371588,0.709297589608604,8
A1 LEMA,0.6004690967376487,0.7964802002815092,0.29015151515151516,1,3,3,-0.19601110354386053,0.7539033569515199,8
Meligethes_sp. LEMA,1.7653405831283155,2.123784103435732,3.8266233766233766,1.142857142857143,10,10,-0.35844352030741655,0.831224125028741,8
Psilothrix_viridicoerulea LEMA,5.964746548812768,7.161554615865205,12.800108225108225,1.142857142857143,21,21,-1.1968080670524373,0.8328843203400121,8
Sphaerophoria_scripta LEMA,2.8472441817514866,2.3446021421998284,4.833333333333334,1.9999999999999998,11,11,0.5026420395516582,1.2143826581511408,8
A2 LEMA,0.46258680234992344,0.6343350057321109,0.19166666666666665,1,2,2,-0.17174820338218744,0.7292468461771772,8
A3 LEMA,0.6833964166478971,0.7876342890839169,1.1388888888888888,1,3,3,-0.10423787243601979,0.8676570155963411,8
Dilophus_sp. LEMA,4.78367499088589,3.2690056812081636,6.157251082251082,2.142857142857143,14,14,1.5146693096777266,1.463342513714425,8
Musca_sp. LEMA,0.824718896461181,0.3731630485737765,1.9083333333333332,2.142857142857143,4,4,0.4515558478874045,2.210076532532479,8
A4 LEMA,0.3677258543118791,0.46188201169053356,0.16785714285714284,1,2,2,-0.09415615737865446,0.7961467322920118,8
Andrena_cinerea LEMA,1.885038497102286,1.315168038498571,3.256818181818182,2.142857142857143,9,9,0.5698704586037151,1.4333061950427974,8
A5 LEMA,0.5734938084918173,0.786518041319247,0.21666666666666667,1,2,2,-0.21302423282742966,0.7291553128646374,8
B2 LEMA,0.5949801135428553,0.7986668774180926,0.3207070707070707,1,3,3,-0.20368676387523732,0.7449665566027853,8
B3 LEMA,0.9937380648819755,1.2792823786687637,0.3893217893217893,0.9999999999999998,4,4,-0.28554431378678824,0.776793365915093,8
Oedemeridae LEMA,1.4439017033482373,1.6641053370575498,2.892857142857143,0.9999999999999998,5,5,-0.2202036337093125,0.8676744621835816,8
B4 LEMA,0.5730729170114722,0.7728081142745542,0.30952380952380953,1,2,2,-0.19973519726308198,0.7415461955254232,8
B5 LEMA,1.5244418941751217,2.007784056875656,2.118290043290043,1,6,6,-0.48334216270053454,0.7592658627578353,8
Malachius_bipustulatus LEMA,0.3878585858843091,0.45939379424304383,0.23376623376623376,1,2,2,-0.07153520835873473,0.8442834682244559,8
Mordellidae LEMA,0.26779778273244403,0.3051469498494827,0.09090909090909091,1,1,1,-0.03734916711703867,0.8776026857372765,8
B6 LEMA,0.2609070061427348,0.3021830355871356,0.025,1,1,1,-0.041276029444400786,0.8634071917233795,8
C1 LEMA,0.26936109624634874,0.31411058981094314,0.09090909090909091,1,1,1,-0.0447494935645944,0.8575358647044399,8
C2 LEMA,1.0260658900337631,1.40298740605909,0.4726551226551226,1,5,5,-0.37692151602532675,0.7313436211918128,8
C3 LEMA,0.8154420368522044,1.0630982135228138,0.15,1,1,1,-0.24765617667060935,0.7670429942216296,8
C4 LEMA,1.0251550316826619,1.3934678108469043,0.4754329004329004,1,4,4,-0.36831277916424243,0.7356861950471651,8
D1 LEMA,0.6470739731578667,0.8129923948201325,0.278968253968254,1,3,3,-0.16591842166226578,0.7959163914454898,8
D2 LEMA,1.1356887636516564,1.3823156094760642,1.5952380952380953,0.9999999999999999,3,3,-0.24662684582440786,0.8215842719754237,8
Odontomyia_sp. LEMA,0.4336406791283906,0.3458280446757759,0.5416666666666666,1.4285714285714286,2,2,0.08781263445261472,1.2539199345008056,8
D3 LEMA,0.2609070061427348,0.30218303558713566,0.025,1,1,1,-0.04127602944440084,0.8634071917233794,8
D4 LEMA,0.3617469042463291,0.4682590206596233,0.10833333333333334,1,2,2,-0.10651211641329422,0.7725359006148913,8
D5 LEMA,0.3253309211215857,0.35206993378555956,0.14285714285714285,1,1,1,-0.026739012663973882,0.9240519848529293,8
D6 LEMA,0.2609070061427348,0.3021830355871356,0.025,1,1,1,-0.041276029444400786,0.8634071917233795,8
E1 LEMA,0.2609070061427348,0.30218303558713555,0.025,1,1,1,-0.04127602944440073,0.8634071917233798,8
E2 LEMA,1.1679428599902983,0.7693340263150664,1.0805555555555555,1,3,3,0.3986088336752319,1.5181219340895096,8
Diptera LEMA,1.347256858656084,0.36797797412260225,0.7083333333333333,1.4285714285714286,2,2,0.9792788845334818,3.6612432085601063,8
E3 LEMA,0.2609070061427348,0.3021830355871356,0.025,1,1,1,-0.041276029444400786,0.8634071917233795,8
E4 LEMA,0.36223687111708514,0.46406868882711655,0.1984126984126984,1,2,2,-0.10183181771003141,0.7805673596135082,8
E5 LEMA,0.2609070061427348,0.3021830355871356,0.025,1,1,1,-0.041276029444400786,0.8634071917233795,8
E6 LEMA,0.3253309211215857,0.3520699337855594,0.14285714285714285,1,1,1,-0.026739012663973716,0.9240519848529296,8
F1 LEMA,0.26936109624634874,0.3141105898109428,0.09090909090909091,1,1,1,-0.04474949356459407,0.8575358647044408,8
F2 LEMA,0.3617469042463291,0.46825902065962344,0.10833333333333334,1,2,2,-0.10651211641329433,0.7725359006148911,8
F3 LEMA,0.2554180229480344,0.30436971272371893,0.05555555555555555,1,1,1,-0.04895168977568454,0.8391702993782475,8
F4 LEMA,0.9887360259565358,1.2702681302999144,0.7159090909090909,1,3,3,-0.2815321043433786,0.7783679700151904,8
F6 LEMA,1.0000000000012759,1.0000000000000002,1,1,1,1,1.2756462552943049e-12,1.0000000000012756,8
Nemotelus_sp. LEMA,1.0000000000005118,1.0000000000000002,1,1,1,1,5.115907697472721e-13,1.0000000000005116,8
B5 ME,1.6683976350025884,1.4594594594594597,2,1,2,2,0.20893817554312877,1.1431613425017735,8
Dilophus_sp. ME,2.655415684969962,0.7702702702702702,1.3214285714285714,2.5,4,4,1.885145414699692,3.447381766452232,8
Sphaerophoria_scripta ME,1.810459712096473,0.7702702702702703,1.3214285714285714,2.5,3,3,1.0401894418262025,2.3504213806164738,8
C5 ME,0.4166837963474358,0.9999999999999999,1,1,1,1,-0.5833162036525641,0.41668379634743585,8
Musca_sp. ME,0.7843641069022579,0.9999999999999999,1.8214285714285714,2.5,4,4,-0.215635893097742,0.784364106902258,8
E2 ME,0.7994205118520272,1.1952702702702704,1,1,2,2,-0.3958497584182432,0.6688198742459017,8
Andrena_cinerea ME,1.4042548358814957,1.2297297297297298,2.321428571428571,2.5,5,5,0.17452510615176586,1.1419215148926447,8
Cantharidae ME,0.9663463288270484,1.22972972972973,1.5,1,3,3,-0.26338340090268164,0.7858200915736435,8
E6 ME,0.3887233221005316,0.6726351351351351,0.5,1,1,1,-0.28391181303460344,0.5779111167340902,8
F5 ME,0.5606971897521061,0.6726351351351354,0.5,1,1,1,-0.11193794538302926,0.8335829641718903,8
A2 PUPA,0.40269833504206265,0.3952894031356667,0.3333333333333333,1,1,1,0.007408931906395966,1.018743057232559,8
Eristalis_sp. PUPA,0.8918764766199513,0.8657273051847059,1.5,1,2,2,0.026149171435245422,1.030204859288418,8
B2 PUPA,0.8840797919965487,0.7973643807359323,0.29166666666666663,1,3,3,0.08671541126061644,1.1087525519770296,8
Eucera_sp. PUPA,3.014432865447102,2.567674974767523,2.666666666666667,1.0000000000000002,8,8,0.4467578906795793,1.1739931631027516,8
Lasiocampa_trifolii PUPA,2.9345907036183165,2.629057453871384,3.5,1,12,12,0.3055332497469325,1.116213987372936,8
Thymelicus_sp. PUPA,2.9252278622749976,2.6419934956085327,4.783333333333333,1,7,7,0.28323436666646495,1.1072047933264224,8
B3 PUPA,0.9022688974452311,0.8696069401129982,0.6287262872628726,1,3,3,0.03266195733223287,1.0375594487872748,8
Bombyliidae PUPA,6.871124924913101,6.3504329230726695,11.15,1,18,18,0.5206920018404313,1.0819931504116247,8
Musca_sp. PUPA,0.5261380248293412,0.4717436581123527,0.6761904761904762,1.2,5,5,0.05439436671698855,1.1153049241502124,8
B4 PUPA,0.5864307754024861,0.5461611564737556,0.14244579945799457,1,3,3,0.04026961892873049,1.0737321181695307,8
B5 PUPA,0.2924501508823636,0.2816553166978481,0.024390243902439025,1,1,1,0.01079483418451549,1.0383263994838623,8
B6 PUPA,0.305402730183367,0.29035590445420334,0.0625,1,1,1,0.01504682572916366,1.0518220070552653,8
C2 PUPA,0.4310280452191268,0.40580525201955214,0.07994579945799457,1,2,2,0.025222793199574656,1.0621549205537621,8
C3 PUPA,1.847479244241156,1.676135660910933,0.4796747967479674,1,3,3,0.17134358333022304,1.1022253671502356,8
C4 PUPA,0.4310280452191268,0.40580525201955225,0.07994579945799457,1,2,2,0.025222793199574545,1.0621549205537617,8
C5 PUPA,1.359572169769524,1.2404352973686283,0.4861111111111111,1,2,2,0.11913687240089565,1.0960444068736388,8
C6 PUPA,0.2924501508823636,0.28165531669784805,0.024390243902439025,1,1,1,0.010794834184515545,1.0383263994838625,8
D2 PUPA,0.9930841356556988,0.9174157560586564,0.2398373983739837,1,2,2,0.07566837959704231,1.0824799215593637,8
D3 PUPA,2.101466736546845,1.6836904828450496,1.048780487804878,1,4,4,0.4177762537017955,1.2481312675687575,8
Psilothrix_viridicoerulea PUPA,1.1095711499103889,0.4078135318483998,0.32619047619047614,1.2,3,3,0.7017576180619891,2.72078060990595,8
D4 PUPA,0.5773504526454089,0.544965950093544,0.07317073170731707,1,1,1,0.03238450255186487,1.0594248182777402,8
D5 PUPA,0.577248520409205,0.5345619516486069,0.1043360433604336,1,2,2,0.042686568760598176,1.0798533614840176,8
D6 PUPA,2.0819168854227903,1.630024972316183,1.8717818428184283,1,6,6,0.45189191310660726,1.2772300552331366,8
Meligethes_sp. PUPA,0.5145303722180583,0.2885521226468756,0.24285714285714285,1.2,2,2,0.22597824957118273,1.7831453378276843,8
E1 PUPA,0.9401950396123216,0.8934854412220923,0.7466124661246613,1,3,3,0.04670959839022937,1.052277962499692,8
E2 PUPA,0.6212408522237105,0.6138016880934463,0.5487804878048781,1,2,2,0.007439164130264242,1.0121198169939403,8
E3 PUPA,0.715928346982172,0.6691158854152484,0.1287262872628726,1,2,2,0.04681246156692365,1.0699616652171875,8
E5 PUPA,0.8341277925546593,0.9999999999999999,1,1,1,1,-0.1658722074453406,0.8341277925546594,8
Andrena_cinerea PUPA,0.9658274718413522,0.9999999999999999,1.1428571428571428,1.2,4,4,-0.034172528158647686,0.9658274718413523,8
E6 PUPA,0.305402730183367,0.29035590445420334,0.0625,1,1,1,0.01504682572916366,1.0518220070552653,8
F1 PUPA,0.5773504526454089,0.5449659500935442,0.07317073170731707,1,1,1,0.03238450255186465,1.0594248182777397,8
F2 PUPA,0.7408126916756768,0.7123740505761091,1.048780487804878,1,2,2,0.02843864109956762,1.0399209391141757,8
Cantharidae PUPA,0.3598969293079889,0.3518393143298977,0.3333333333333333,1,2,2,0.00805761497809121,1.0229014059825505,8
F3 PUPA,1.0259648085162387,0.7861511174096428,1.1666666666666667,1,3,3,0.2398136911065959,1.3050478283320117,8
Dilophus_sp. PUPA,0.6390924379595249,0.31705711244954915,0.39285714285714285,1.2,4,4,0.3220353255099757,2.0157013133121833,8
F4 PUPA,0.7196986712907278,0.666217268346455,0.1287262872628726,1,2,2,0.05348140294427284,1.0802762184129708,8
F5 PUPA,0.4608054603658931,0.4307118089084067,0.125,1,1,1,0.03009365145748638,1.0698695759787862,8
B4 RAPE,0.41728035415628995,0.9999999999999999,1,1,1,1,-0.5827196458437099,0.41728035415629,8
Lomatia_sp. RAPE,0.6288949509540958,0.9999999999999999,1.125,2,2,2,-0.37110504904590413,0.6288949509540959,8
A2 CHFU,0.7004095401536101,1.0718512360405112,0.5882352941176471,1,2,2,-0.3714416958869011,0.6534577902255997,9
Dilophus_sp. CHFU,6.359531709196942,7.808864443908007,12.516666666666666,1.7142857142857144,17,17,-1.4493327347110654,0.8143990403314345,9
Sphaerophoria_scripta CHFU,1.0978690200050178,0.791026829993908,1.75,1.7142857142857144,3,3,0.3068421900111098,1.387903644195574,9
A3 CHFU,0.24274317075912202,0.3452216110977001,0.029411764705882353,1,1,1,-0.10247844033857809,0.7031517232865935,9
A4 CHFU,0.242743170759122,0.34522161109770017,0.029411764705882353,1,1,1,-0.10247844033857817,0.7031517232865933,9
A6 CHFU,0.24274317075912202,0.34522161109770017,0.029411764705882353,1,1,1,-0.10247844033857814,0.7031517232865934,9
B1 CHFU,0.727893791226153,0.9513763844064096,1.3627450980392155,1,3,3,-0.22348259318025654,0.7650955007468536,9
Diptera CHFU,0.3562365741807433,0.41955664224848277,0.3333333333333333,1,1,1,-0.06332006806773949,0.8490786184950014,9
Musca_sp. CHFU,0.6435865849884675,0.8806998614029369,0.8666666666666667,1,4,4,-0.23711327641446933,0.7307672150228879,9
B2 CHFU,0.24274317075912202,0.3452216110977003,0.029411764705882353,1,1,1,-0.10247844033857825,0.7031517232865931,9
B3 CHFU,0.9999999999999998,0.9999999999999997,1,1,1,1,1.1102230246251565e-16,1.0000000000000002,9
Bruchidae CHFU,0.9999999999999998,0.9999999999999997,1,1,1,1,1.1102230246251565e-16,1.0000000000000002,9
C1 CHFU,0.3902734512537235,0.4558123161675719,0.3333333333333333,1,1,1,-0.06553886491384842,0.8562152390595911,9
Episyrphus_balteatus CHFU,0.848023945601377,1.079337586473783,1.7,1,3,3,-0.23131364087240613,0.7856892562890242,9
C3 CHFU,0.5573639275444142,0.7803725374974675,0.6666666666666666,1,2,2,-0.22300860995305327,0.7142280138814124,9
Eupeodes_corollae CHFU,1.0109675876411541,1.1455066635172786,2.333333333333333,1.7142857142857144,4,4,-0.13453907587612446,0.8825505951549665,9
C5 CHFU,0.31709047629069076,0.4745602213298955,0.3333333333333333,1,1,1,-0.15746974503920474,0.6681775295073921,9
C6 CHFU,0.5796370579399169,0.7400729723643051,1.0294117647058822,1,2,2,-0.1604359144243882,0.7832160875814113,9
Scaeva_sp. CHFU,0.3963457496244646,0.46453101325482987,0.5,1,1,1,-0.06818526363036526,0.8532169829682382,9
D2 CHFU,0.9999999999999998,0.9999999999999997,1,1,1,1,1.1102230246251565e-16,1.0000000000000002,9
Lomatia_sp. CHFU,0.9999999999999998,0.9999999999999997,1,1,1,1,1.1102230246251565e-16,1.0000000000000002,9
D3 CHFU,0.422180027876244,0.4861864027474108,0.5,1,1,1,-0.06400637487116684,0.8683501337975094,9
D4 CHFU,0.7612461342902117,1.2366987605583726,0.4509803921568627,1,2,2,-0.47545262626816087,0.6155469371914848,9
E1 CHFU,0.7033222154498875,1.1804180717882993,0.4509803921568627,1,2,2,-0.4770958563384118,0.5958246762389656,9
E3 CHFU,0.5480130364306335,0.7400729723643055,1.0294117647058822,1,2,2,-0.192059935933672,0.7404851371343835,9
Melyridae CHFU,0.6156703173206958,0.46453101325482987,1,1.7142857142857144,2,2,0.1511393040658659,1.3253589098537857,9
E4 CHFU,0.5921831794632119,0.9193134598250946,0.696078431372549,1,3,3,-0.32713028036188274,0.6441580650585477,9
E5 CHFU,0.9999999999999998,0.9999999999999997,1,1,1,1,1.1102230246251565e-16,1.0000000000000002,9
Andrena_cinerea CHFU,0.9999999999999998,0.9999999999999997,1,1,1,1,1.1102230246251565e-16,1.0000000000000002,9
F1 CHFU,0.6137158537956102,1.1261080554885008,0.14705882352941177,1,1,1,-0.5123922016928906,0.5449884234505213,9
F4 CHFU,0.4282295122773662,0.7356648332931004,0.08823529411764706,1,1,1,-0.3074353210157342,0.5820986581082813,9
F5 CHFU,0.3354863415182442,0.5404432221954004,0.058823529411764705,1,1,1,-0.20495688067715623,0.6207614930490277,9
F6 CHFU,0.6137158537956104,1.1261080554885008,0.14705882352941177,1,1,1,-0.5123922016928903,0.5449884234505216,9
A3 LEMA,0.4501218724843808,0.4680826070255261,0.27,1,2,2,-0.01796073454114533,0.9616291349612871,9
Mordellidae LEMA,0.8475162737650888,0.8310278639804399,0.8333333333333333,1,2,2,0.016488409784648828,1.0198409830756734,9
Psilothrix_viridicoerulea LEMA,8.472329245362314,8.322893289981335,14.357692307692309,1.2,20,20,0.1494359553809783,1.0179548085232406,9
A5 LEMA,0.7353709454081182,0.624652262008096,0.18666666666666665,1,2,2,0.11071868340002222,1.1772485111061477,9
Dilophus_sp. LEMA,5.5841553731858244,2.3517393605535064,5.757020757020757,1.7,8,8,3.232416012632318,2.374478850356757,9
B2 LEMA,0.2700246643092994,0.29148918592968276,0.02,1,1,1,-0.02146452162038337,0.9263625456569722,9
B4 LEMA,0.6358394126500605,0.7231847292112716,0.20285714285714285,1,2,2,-0.08734531656121114,0.879221292937874,9
Sphaerophoria_scripta LEMA,1.5535728318620057,1.224729647006547,2.0283882783882783,1.4999999999999998,6,6,0.3288431848554587,1.2685026737608653,9
B5 LEMA,1.7866393339737423,1.7015038446867925,1.9766666666666666,1,4,4,0.0851354892869498,1.0500354375059442,9
Malachius_bipustulatus LEMA,0.3187381593197424,0.3106975853315303,0.1111111111111111,1,1,1,0.008040573988212119,1.025879100346507,9
B6 LEMA,0.6300986572371979,0.7159567437187309,0.08,1,1,1,-0.08585808648153292,0.880079226524804,9
C3 LEMA,0.615346281098819,0.4831630760784133,0.16666666666666666,1,1,1,0.13218320502040565,1.273578863048205,9
C4 LEMA,0.6358394126500607,0.7231847292112715,0.20285714285714285,1,2,2,-0.0873453165612108,0.8792212929378744,9
C5 LEMA,1.1245828242734275,1.2034666506955538,2.24,1,4,4,-0.07888382642212632,0.9344528355841561,9
Lagorina_sericea LEMA,0.3411790801264828,0.3545893306182441,0.2,1,1,1,-0.01341025049176131,0.9621808967901547,9
Melanostoma_sp. LEMA,0.3411790801264826,0.3545893306182442,0.2,1,1,1,-0.013410250491761588,0.962180896790154,9
Meligethes_sp. LEMA,0.9089944672929887,0.9863906869716079,1.1333333333333333,1,4,4,-0.0773962196786192,0.9215359383448366,9
D2 LEMA,0.6358394126500607,0.7231847292112716,0.20285714285714285,1,2,2,-0.08734531656121092,0.8792212929378742,9
D3 LEMA,0.5100739929278986,0.574467557789048,0.06,1,1,1,-0.06439356486114944,0.8879073953123118,9
D5 LEMA,0.38267314054940915,0.3165815380392066,0.08333333333333333,1,1,1,0.06609160251020257,1.2087664458248275,9
D6 LEMA,0.27002466430929944,0.29148918592968276,0.02,1,1,1,-0.021464521620383314,0.9263625456569723,9
E1 LEMA,0.390049328618599,0.4329783718593655,0.04,1,1,1,-0.04292904324076652,0.9008517606632088,9
E2 LEMA,0.55031914347127,0.60789277413707965,0.3628571428571429,1,3,3,-0.05757363066580967,0.905289825582255,9
E3 LEMA,2.3118223099907524,2.250596176343184,2.675238095238095,1,5,5,0.06122613364756857,1.0272044066772787,9
Eupeodes_corollae LEMA,0.6592086331992271,0.2971543653762851,0.7912087912087913,1.5,2,2,0.362054267822942,2.2184046745013304,9
Melyridae LEMA,0.8215227417800353,0.5914630961288553,0.945054945054945,1.5,2,2,0.23005964565117998,1.3889670330354127,9
E4 LEMA,0.9999999999999998,0.9999999999999998,1,1,1,1,0,1,9
Eucera_sp. LEMA,0.9999999999999998,0.9999999999999996,1,1,1,1,2.220446049250313e-16,1.0000000000000002,9
E5 LEMA,0.7501233215464975,0.8574459296484136,0.1,1,1,1,-0.10732260810191607,0.8748345471230792,9
E6 LEMA,0.6223478110517406,0.6559517587940238,1.02,1,2,2,-0.03360394774228315,0.9487707025832747,9
Anthaxia_semicuprea LEMA,0.41449781969698984,0.4287794974874601,0.5,1,1,1,-0.014281677790470237,0.9666922558700748,9
F1 LEMA,0.8480194216482286,0.6497446141176199,0.25,1,1,1,0.19827480753060878,1.3051580624486965,9
F2 LEMA,0.7501233215464974,0.8574459296484136,0.1,1,1,1,-0.10732260810191618,0.8748345471230791,9
F5 LEMA,0.7846277166770064,0.8836431605039042,0.28,1,2,2,-0.09901544382689786,0.8879463472897435,9
F6 LEMA,0.8191321118075147,0.9098403913593949,0.46,1,2,2,-0.09070827955188021,0.9003030856693967,9
D5 ME,1.9341633262439821,1.4248187404236499,1.4,1,2,2,0.5093445858203323,1.3574802684507685,9
Musca_sp. ME,2.8747147129242543,2.365220275798885,3.6666666666666665,1,5,5,0.5094944371253693,1.2154109882866113,9
Psilothrix_viridicoerulea ME,1.8982595855287898,0.5536986431200341,0.5333333333333333,2,2,2,1.3445609424087557,3.4283262368719107,9
D6 ME,0.7061864631865326,0.9999999999999999,1,1,1,1,-0.29381353681346734,0.7061864631865327,9
Dilophus_sp. ME,1.3086740310271354,0.9999999999999999,1.2,2,3,3,0.30867403102713553,1.3086740310271356,9
E3 ME,0.6387015011971233,0.5520874468858106,0.2,1,1,1,0.08661405431131275,1.1568846652824318,9
E6 ME,0.6387015011971233,0.5520874468858105,0.2,1,1,1,0.08661405431131286,1.156884665282432,9
F4 ME,0.6387015011971233,0.5520874468858105,0.2,1,1,1,0.08661405431131286,1.156884665282432,9
