year,plot,subplot,focal,fruit,seed
2019,1,A1,CHFU,1,84
2019,1,A1,HOMA,1,12
2019,1,A1,LEMA,3,144
2019,1,A1,PAIN,1,1
2019,1,A2,CHFU,1,84
2019,1,A2,HOMA,1,12
2019,1,A2,LEMA,2,96
2019,1,A2,PAIN,1,1
2019,1,A3,CHFU,2,168
2019,1,A3,HOMA,1,12
2019,1,A3,LEMA,2,96
2019,1,A3,PAIN,1,1
2019,1,A4,HOMA,1,12
2019,1,A4,LEMA,2,96
2019,1,A4,PAIN,1,1
2019,1,A5,CHFU,2,168
2019,1,A5,HOMA,1,12
2019,1,A5,LEMA,4,192
2019,1,A5,PAIN,1,1
2019,1,A6,HOMA,1,12
2019,1,A6,LEMA,2,96
2019,1,A6,PAIN,1,1
2019,1,B1,CHFU,2,168
2019,1,B1,HOMA,1,12
2019,1,B1,LEMA,2,96
2019,1,B1,PAIN,1,1
2019,1,B2,CHFU,2,168
2019,1,B2,HOMA,1,12
2019,1,B2,LEMA,2,96
2019,1,B2,PAIN,1,1
2019,1,B3,CHFU,5,420
2019,1,B3,HOMA,1,12
2019,1,B3,LEMA,2,96
2019,1,B3,PAIN,1,1
2019,1,B4,CHFU,7,588
2019,1,B4,HOMA,1,12
2019,1,B4,LEMA,3,144
2019,1,B4,PAIN,1,1
2019,1,B5,CHFU,1,84
2019,1,B5,HOMA,1,12
2019,1,B5,LEMA,6,288
2019,1,B5,PAIN,1,1
2019,1,B5,SASO,40,80
2019,1,B6,HOMA,1,12
2019,1,B6,LEMA,3,144
2019,1,B6,PAIN,1,1
2019,1,C1,CHFU,1,84
2019,1,C1,HOMA,1,12
2019,1,C1,LEMA,2,96
2019,1,C1,PAIN,1,1
2019,1,C2,CHFU,1,84
2019,1,C2,HOMA,1,12
2019,1,C2,LEMA,2,96
2019,1,C2,PAIN,1,1
2019,1,C3,CHFU,3,252
2019,1,C3,HOMA,1,12
2019,1,C3,LEMA,2,96
2019,1,C3,PAIN,1,1
2019,1,C4,CHFU,1,84
2019,1,C4,HOMA,1,12
2019,1,C4,LEMA,2,96
2019,1,C4,PAIN,1,1
2019,1,C5,CHFU,2,168
2019,1,C5,HOMA,1,12
2019,1,C5,LEMA,1,48
2019,1,C5,PAIN,1,1
2019,1,C6,CHFU,2,168
2019,1,C6,HOMA,1,12
2019,1,C6,LEMA,2,96
2019,1,C6,PAIN,1,1
2019,1,C6,POMA,1,86
2019,1,C6,SASO,25,50
2019,1,D1,CHFU,3,252
2019,1,D1,HOMA,1,12
2019,1,D1,LEMA,3,144
2019,1,D1,PAIN,1,1
2019,1,D2,CHFU,3,252
2019,1,D2,HOMA,1,12
2019,1,D2,LEMA,3,144
2019,1,D2,PAIN,1,1
2019,1,D3,CHFU,3,252
2019,1,D3,HOMA,1,12
2019,1,D3,LEMA,2,96
2019,1,D3,PAIN,1,1
2019,1,D3,SASO,15,30
2019,1,D4,CHFU,1,84
2019,1,D4,HOMA,1,12
2019,1,D4,LEMA,3,144
2019,1,D4,PAIN,1,1
2019,1,D5,CHFU,2,168
2019,1,D5,HOMA,1,12
2019,1,D5,LEMA,2,96
2019,1,D5,MEEL,10,10
2019,1,D5,MEEL,12,12
2019,1,D5,MESU,140,280
2019,1,D5,PAIN,1,1
2019,1,D6,CHFU,2,168
2019,1,D6,HOMA,1,12
2019,1,D6,LEMA,2,96
2019,1,D6,PAIN,1,1
2019,1,E1,CHFU,2,168
2019,1,E1,HOMA,1,12
2019,1,E1,LEMA,3,144
2019,1,E1,PAIN,1,1
2019,1,E2,CHFU,1,84
2019,1,E2,HOMA,1,12
2019,1,E2,LEMA,4,192
2019,1,E2,PAIN,1,1
2019,1,E3,CHFU,2,168
2019,1,E3,HOMA,1,12
2019,1,E3,LEMA,3,144
2019,1,E3,PAIN,1,1
2019,1,E4,CHFU,1,84
2019,1,E4,HOMA,1,12
2019,1,E4,LEMA,4,192
2019,1,E4,MESU,200,400
2019,1,E4,PAIN,1,1
2019,1,E5,CHFU,9,756
2019,1,E5,HOMA,1,12
2019,1,E5,LEMA,3,144
2019,1,E5,MESU,140,280
2019,1,E5,PAIN,1,1
2019,1,E5,SASO,10,20
2019,1,E6,CHFU,3,252
2019,1,E6,HOMA,1,12
2019,1,E6,LEMA,4,192
2019,1,E6,PAIN,1,1
2019,1,F1,CHFU,1,84
2019,1,F1,HOMA,1,12
2019,1,F1,LEMA,2,96
2019,1,F1,MESU,120,240
2019,1,F1,PAIN,1,1
2019,1,F2,CHFU,1,84
2019,1,F2,HOMA,1,12
2019,1,F2,LEMA,2,96
2019,1,F2,PAIN,1,1
2019,1,F3,CHFU,1,84
2019,1,F3,HOMA,1,12
2019,1,F3,LEMA,2,96
2019,1,F3,PAIN,1,1
2019,1,F4,CHFU,2,168
2019,1,F4,HOMA,1,12
2019,1,F4,LEMA,3,144
2019,1,F4,MESU,180,360
2019,1,F4,PAIN,1,1
2019,1,F5,CHFU,2,168
2019,1,F5,HOMA,1,12
2019,1,F5,LEMA,4,192
2019,1,F5,MESU,220,440
2019,1,F5,PAIN,1,1
2019,1,F6,CHFU,5,420
2019,1,F6,HOMA,1,12
2019,1,F6,LEMA,3,144
2019,1,F6,MESU,110,220
2019,1,F6,PAIN,1,1
2019,2,A1,CHFU,1,84
2019,2,A1,HOMA,1,12
2019,2,A1,LEMA,2,96
2019,2,A1,PAIN,1,1
2019,2,A1,SASO,10,20
2019,2,A2,CHFU,5,420
2019,2,A2,HOMA,1,12
2019,2,A2,LEMA,3,144
2019,2,A2,PAIN,1,1
2019,2,A3,CHFU,2,168
2019,2,A3,HOMA,1,12
2019,2,A3,LEMA,1,48
2019,2,A3,PAIN,1,1
2019,2,A3,SASO,15,30
2019,2,A4,CHFU,4,336
2019,2,A4,HOMA,1,12
2019,2,A4,LEMA,3,144
2019,2,A4,MESU,120,240
2019,2,A4,PAIN,1,1
2019,2,A5,CETE,10,3380
2019,2,A5,CHFU,5,420
2019,2,A5,HOMA,1,12
2019,2,A5,LEMA,3,144
2019,2,A5,MESU,220,440
2019,2,A5,PAIN,1,1
2019,2,A6,CETE,8,2704
2019,2,A6,CHFU,3,252
2019,2,A6,HOMA,1,12
2019,2,A6,LEMA,5,240
2019,2,A6,MESU,180,360
2019,2,A6,PAIN,1,1
2019,2,A6,SASO,25,50
2019,2,B1,CHFU,2,168
2019,2,B1,HOMA,1,12
2019,2,B1,LEMA,3,144
2019,2,B1,MESU,200,400
2019,2,B1,PAIN,1,1
2019,2,B2,CHFU,2,168
2019,2,B2,HOMA,1,12
2019,2,B2,LEMA,2,96
2019,2,B2,MESU,140,280
2019,2,B2,PAIN,1,1
2019,2,B3,CHFU,5,420
2019,2,B3,HOMA,1,12
2019,2,B3,LEMA,2,96
2019,2,B3,PAIN,1,1
2019,2,B3,SASO,20,40
2019,2,B4,CETE,8,2704
2019,2,B4,CHFU,1,84
2019,2,B4,HOMA,1,12
2019,2,B4,LEMA,3,144
2019,2,B4,MESU,160,320
2019,2,B4,PAIN,1,1
2019,2,B4,SASO,15,30
2019,2,B5,HOMA,1,12
2019,2,B5,LEMA,3,144
2019,2,B5,MESU,120,240
2019,2,B5,PAIN,1,1
2019,2,B5,SASO,10,20
2019,2,B6,BEMA,7,28
2019,2,B6,BEMA,9,36
2019,2,B6,BEMA,10,40
2019,2,B6,BEMA,11,44
2019,2,B6,BEMA,20,80
2019,2,B6,HOMA,1,12
2019,2,B6,LEMA,4,192
2019,2,B6,PAIN,1,1
2019,2,B6,POMA,1,86
2019,2,B6,SASO,20,40
2019,2,C1,CHFU,6,504
2019,2,C1,HOMA,1,12
2019,2,C1,LEMA,5,240
2019,2,C1,MESU,180,360
2019,2,C1,PAIN,1,1
2019,2,C1,SASO,5,10
2019,2,C2,CETE,10,3380
2019,2,C2,CHFU,2,168
2019,2,C2,HOMA,1,12
2019,2,C2,LEMA,4,192
2019,2,C2,PAIN,1,1
2019,2,C2,SASO,15,30
2019,2,C3,CHFU,3,252
2019,2,C3,HOMA,1,12
2019,2,C3,LEMA,6,288
2019,2,C3,PAIN,1,1
2019,2,C3,SASO,10,20
2019,2,C4,CETE,12,4056
2019,2,C4,CHFU,2,168
2019,2,C4,HOMA,1,12
2019,2,C4,LEMA,3,144
2019,2,C4,MESU,140,280
2019,2,C4,PAIN,1,1
2019,2,C4,SASO,5,10
2019,2,C5,HOMA,1,12
2019,2,C5,LEMA,8,384
2019,2,C5,MESU,250,500
2019,2,C5,PAIN,1,1
2019,2,C5,PUPA,12,1080
2019,2,C5,SASO,15,30
2019,2,C6,CETE,6,2028
2019,2,C6,HOMA,1,12
2019,2,C6,LEMA,6,288
2019,2,C6,PAIN,1,1
2019,2,C6,POMA,1,86
2019,2,D1,CHFU,3,252
2019,2,D1,HOMA,1,12
2019,2,D1,LEMA,6,288
2019,2,D1,MESU,300,600
2019,2,D1,PAIN,1,1
2019,2,D1,SASO,5,10
2019,2,D2,CHFU,2,168
2019,2,D2,HOMA,1,12
2019,2,D2,LEMA,3,144
2019,2,D2,MESU,140,280
2019,2,D2,PAIN,1,1
2019,2,D2,SASO,30,60
2019,2,D3,CHFU,2,168
2019,2,D3,HOMA,1,12
2019,2,D3,LEMA,3,144
2019,2,D3,MESU,150,300
2019,2,D3,PAIN,1,1
2019,2,D4,CHFU,4,336
2019,2,D4,HOMA,1,12
2019,2,D4,LEMA,2,96
2019,2,D4,MESU,240,480
2019,2,D4,PAIN,1,1
2019,2,D5,HOMA,1,12
2019,2,D5,LEMA,3,144
2019,2,D5,MESU,260,520
2019,2,D5,PAIN,1,1
2019,2,D6,HOMA,1,12
2019,2,D6,LEMA,6,288
2019,2,D6,PAIN,1,1
2019,2,D6,POMA,1,86
2019,2,D6,PUPA,7,630
2019,2,E1,CHFU,1,84
2019,2,E1,HOMA,1,12
2019,2,E1,LEMA,3,144
2019,2,E1,MESU,180,360
2019,2,E1,PAIN,1,1
2019,2,E2,CHFU,3,252
2019,2,E2,HOMA,1,12
2019,2,E2,LEMA,4,192
2019,2,E2,MESU,140,280
2019,2,E2,PAIN,1,1
2019,2,E3,CHFU,2,168
2019,2,E3,HOMA,1,12
2019,2,E3,LEMA,2,96
2019,2,E3,MESU,260,520
2019,2,E3,PAIN,1,1
2019,2,E4,CHFU,3,252
2019,2,E4,HOMA,1,12
2019,2,E4,LEMA,2,96
2019,2,E4,MESU,240,480
2019,2,E4,PAIN,1,1
2019,2,E5,HOMA,1,12
2019,2,E5,LEMA,2,96
2019,2,E5,MESU,240,480
2019,2,E5,PAIN,1,1
2019,2,E6,CETE,14,4732
2019,2,E6,CHFU,2,168
2019,2,E6,HOMA,1,12
2019,2,E6,LEMA,6,288
2019,2,E6,MEEL,20,20
2019,2,E6,MESU,140,280
2019,2,E6,PAIN,1,1
2019,2,E6,SASO,25,50
2019,2,F1,CHFU,1,84
2019,2,F1,HOMA,1,12
2019,2,F1,LEMA,3,144
2019,2,F1,MESU,180,360
2019,2,F1,PAIN,1,1
2019,2,F2,CHFU,2,168
2019,2,F2,HOMA,1,12
2019,2,F2,LEMA,2,96
2019,2,F2,MESU,120,240
2019,2,F2,PAIN,1,1
2019,2,F3,CHFU,2,168
2019,2,F3,HOMA,1,12
2019,2,F3,LEMA,4,192
2019,2,F3,MESU,140,280
2019,2,F3,PAIN,1,1
2019,2,F4,CETE,10,3380
2019,2,F4,CHFU,5,420
2019,2,F4,HOMA,1,12
2019,2,F4,LEMA,6,288
2019,2,F4,PAIN,1,1
2019,2,F5,CETE,10,3380
2019,2,F5,CHFU,4,336
2019,2,F5,CHMI,3,165
2019,2,F5,CHMI,6,330
2019,2,F5,CHMI,10,550
2019,2,F5,CHMI,14,770
2019,2,F5,CHMI,16,880
2019,2,F5,HOMA,1,12
2019,2,F5,LEMA,4,192
2019,2,F5,MESU,280,560
2019,2,F5,PAIN,1,1
2019,2,F5,SCLA,1,24
2019,2,F5,SOAS,8,360
2019,2,F6,CHFU,1,84
2019,2,F6,HOMA,1,12
2019,2,F6,LEMA,4,192
2019,2,F6,MESU,240,480
2019,2,F6,PAIN,1,1
2019,2,F6,PUPA,4,360
2019,3,A1,CHFU,4,336
2019,3,A1,HOMA,1,12
2019,3,A1,LEMA,2,96
2019,3,A1,PAIN,1,1
2019,3,A2,CHFU,6,504
2019,3,A2,HOMA,1,12
2019,3,A2,LEMA,2,96
2019,3,A2,PAIN,1,1
2019,3,A3,CHFU,7,588
2019,3,A3,HOMA,1,12
2019,3,A3,LEMA,2,96
2019,3,A3,PAIN,1,1
2019,3,A4,CHFU,2,168
2019,3,A4,HOMA,1,12
2019,3,A4,LEMA,1,48
2019,3,A4,PAIN,1,1
2019,3,A4,SASO,15,30
2019,3,A5,CHFU,0,0
2019,3,A5,HOMA,1,12
2019,3,A5,LEMA,1,48
2019,3,A5,PAIN,1,1
2019,3,A5,SASO,10,20
2019,3,A6,CHFU,1,84
2019,3,A6,HOMA,1,12
2019,3,A6,LEMA,1,48
2019,3,A6,PAIN,1,1
2019,3,A6,SASO,10,20
2019,3,B1,CHFU,2,168
2019,3,B1,HOMA,1,12
2019,3,B1,LEMA,2,96
2019,3,B1,PAIN,1,1
2019,3,B2,CHFU,2,168
2019,3,B2,HOMA,1,12
2019,3,B2,LEMA,1,48
2019,3,B2,PAIN,1,1
2019,3,B2,SASO,10,20
2019,3,B3,CHFU,1,84
2019,3,B3,HOMA,1,12
2019,3,B3,LEMA,1,48
2019,3,B3,PAIN,1,1
2019,3,B4,CHFU,1,84
2019,3,B4,HOMA,1,12
2019,3,B4,LEMA,1,48
2019,3,B4,PAIN,1,1
2019,3,B4,SASO,20,40
2019,3,B5,CHFU,1,84
2019,3,B5,HOMA,1,12
2019,3,B5,LEMA,2,96
2019,3,B5,PAIN,1,1
2019,3,B6,CHFU,2,168
2019,3,B6,HOMA,1,12
2019,3,B6,LEMA,1,48
2019,3,B6,MESU,50,100
2019,3,B6,MESU,60,120
2019,3,B6,MESU,80,160
2019,3,B6,PAIN,1,1
2019,3,B6,SASO,10,20
2019,3,C1,CHFU,0,0
2019,3,C1,HOMA,1,12
2019,3,C1,LEMA,1,48
2019,3,C1,PAIN,1,1
2019,3,C2,CHFU,0,0
2019,3,C2,HOMA,1,12
2019,3,C2,LEMA,1,48
2019,3,C2,PAIN,1,1
2019,3,C3,CHFU,1,84
2019,3,C3,HOMA,1,12
2019,3,C3,LEMA,1,48
2019,3,C3,MESU,380,760
2019,3,C3,PAIN,1,1
2019,3,C4,CHFU,1,84
2019,3,C4,HOMA,1,12
2019,3,C4,LEMA,1,48
2019,3,C4,MESU,180,360
2019,3,C4,PAIN,1,1
2019,3,C5,CHFU,2,168
2019,3,C5,HOMA,1,12
2019,3,C5,LEMA,1,48
2019,3,C5,MESU,150,300
2019,3,C5,PAIN,1,1
2019,3,C6,CHFU,2,168
2019,3,C6,HOMA,1,12
2019,3,C6,LEMA,1,48
2019,3,C6,MESU,100,200
2019,3,C6,PAIN,1,1
2019,3,C6,SASO,10,20
2019,3,D1,CHFU,0,0
2019,3,D1,HOMA,1,12
2019,3,D1,LEMA,1,48
2019,3,D1,PAIN,1,1
2019,3,D2,CHFU,1,84
2019,3,D2,HOMA,1,12
2019,3,D2,LEMA,1,48
2019,3,D2,PAIN,1,1
2019,3,D3,CHFU,0,0
2019,3,D3,HOMA,1,12
2019,3,D3,LEMA,1,48
2019,3,D3,MESU,280,560
2019,3,D3,PAIN,1,1
2019,3,D4,CHFU,1,84
2019,3,D4,HOMA,1,12
2019,3,D4,LEMA,1,48
2019,3,D4,PAIN,1,1
2019,3,D5,CHFU,1,84
2019,3,D5,HOMA,1,12
2019,3,D5,LEMA,1,48
2019,3,D5,PAIN,1,1
2019,3,D5,POMA,1,86
2019,3,D5,SASO,25,50
2019,3,D6,CHFU,0,0
2019,3,D6,HOMA,1,12
2019,3,D6,LEMA,1,48
2019,3,D6,PAIN,1,1
2019,3,D6,SASO,2,4
2019,3,E1,CHFU,1,84
2019,3,E1,HOMA,1,12
2019,3,E1,LEMA,1,48
2019,3,E1,PAIN,1,1
2019,3,E2,CHFU,1,84
2019,3,E2,HOMA,1,12
2019,3,E2,LEMA,1,48
2019,3,E2,PAIN,1,1
2019,3,E3,CHFU,1,84
2019,3,E3,HOMA,1,12
2019,3,E3,LEMA,2,96
2019,3,E3,PAIN,1,1
2019,3,E4,CHFU,1,84
2019,3,E4,HOMA,1,12
2019,3,E4,LEMA,2,96
2019,3,E4,PAIN,1,1
2019,3,E5,CHFU,0,0
2019,3,E5,HOMA,1,12
2019,3,E5,LEMA,2,96
2019,3,E5,PAIN,1,1
2019,3,E5,POMA,1,86
2019,3,E6,CHFU,0,0
2019,3,E6,HOMA,1,12
2019,3,E6,LEMA,2,96
2019,3,E6,PAIN,1,1
2019,3,E6,SASO,25,50
2019,3,F1,CHFU,1,84
2019,3,F1,HOMA,1,12
2019,3,F1,LEMA,2,96
2019,3,F1,PAIN,1,1
2019,3,F2,CHFU,2,168
2019,3,F2,HOMA,1,12
2019,3,F2,LEMA,2,96
2019,3,F2,PAIN,1,1
2019,3,F3,CHFU,0,0
2019,3,F3,HOMA,1,12
2019,3,F3,LEMA,1,48
2019,3,F3,PAIN,1,1
2019,3,F4,CHFU,4,336
2019,3,F4,HOMA,1,12
2019,3,F4,LEMA,3,144
2019,3,F4,PAIN,1,1
2019,3,F4,SASO,10,20
2019,3,F5,CHFU,2,168
2019,3,F5,HOMA,1,12
2019,3,F5,LEMA,2,96
2019,3,F5,PAIN,1,1
2019,3,F6,CHFU,1,84
2019,3,F6,HOMA,1,12
2019,3,F6,LEMA,2,96
2019,3,F6,PAIN,1,1
2019,3,F6,SASO,10,20
2019,4,A1,CHFU,2,168
2019,4,A1,HOMA,1,12
2019,4,A1,LEMA,2,96
2019,4,A1,PAIN,1,1
2019,4,A1,POMA,1,86
2019,4,A2,CHFU,5,420
2019,4,A2,HOMA,1,12
2019,4,A2,LEMA,3,144
2019,4,A2,PAIN,1,1
2019,4,A2,POMA,1,86
2019,4,A3,BEMA,6,24
2019,4,A3,CETE,15,5070
2019,4,A3,CHFU,2,168
2019,4,A3,HOMA,1,12
2019,4,A3,LEMA,7,336
2019,4,A3,PLCO,1,22
2019,4,A3,POMA,1,86
2019,4,A3,SPRU,40,3360
2019,4,A3,SPRU,50,4200
2019,4,A4,BEMA,4,16
2019,4,A4,CHFU,10,840
2019,4,A4,HOMA,1,12
2019,4,A4,LEMA,3,144
2019,4,A4,POMA,1,86
2019,4,A5,CHFU,5,420
2019,4,A5,HOMA,1,12
2019,4,A5,LEMA,3,144
2019,4,A5,PAIN,1,1
2019,4,A5,POMA,1,86
2019,4,A6,CHFU,3,252
2019,4,A6,HOMA,1,12
2019,4,A6,LEMA,2,96
2019,4,A6,PAIN,1,1
2019,4,A6,PLCO,1,22
2019,4,A6,POMA,1,86
2019,4,A6,SPRU,30,2520
2019,4,B1,CHFU,1,84
2019,4,B1,HOMA,1,12
2019,4,B1,LEMA,3,144
2019,4,B1,PAIN,1,1
2019,4,B1,PLCO,1,22
2019,4,B1,POMA,1,86
2019,4,B2,CHFU,7,588
2019,4,B2,HOMA,1,12
2019,4,B2,LEMA,7,336
2019,4,B2,PAIN,1,1
2019,4,B2,PLCO,1,22
2019,4,B2,POMA,1,86
2019,4,B3,BEMA,6,24
2019,4,B3,BEMA,12,48
2019,4,B3,CHFU,9,756
2019,4,B3,HOMA,1,12
2019,4,B3,LEMA,6,288
2019,4,B3,PAIN,1,1
2019,4,B3,POMA,1,86
2019,4,B4,CHFU,1,84
2019,4,B4,HOMA,1,12
2019,4,B4,LEMA,9,432
2019,4,B4,PAIN,1,1
2019,4,B4,POMA,1,86
2019,4,B4,SASO,10,20
2019,4,B5,BEMA,4,16
2019,4,B5,CHFU,7,588
2019,4,B5,HOMA,1,12
2019,4,B5,LEMA,3,144
2019,4,B5,PAIN,1,1
2019,4,B5,POMA,1,86
2019,4,B6,CHFU,5,420
2019,4,B6,HOMA,1,12
2019,4,B6,PAIN,1,1
2019,4,B6,POMA,1,86
2019,4,C1,BEMA,4,16
2019,4,C1,CHFU,7,588
2019,4,C1,HOMA,1,12
2019,4,C1,LEMA,3,144
2019,4,C1,PLCO,1,22
2019,4,C1,POMA,1,86
2019,4,C2,CHFU,5,420
2019,4,C2,HOMA,1,12
2019,4,C2,LEMA,7,336
2019,4,C2,PAIN,1,1
2019,4,C2,POMA,1,86
2019,4,C3,CHFU,12,1008
2019,4,C3,HOMA,1,12
2019,4,C3,LEMA,7,336
2019,4,C3,PAIN,1,1
2019,4,C3,POMA,1,86
2019,4,C4,CHFU,10,840
2019,4,C4,HOMA,1,12
2019,4,C4,LEMA,2,96
2019,4,C4,PAIN,1,1
2019,4,C4,POMA,1,86
2019,4,C5,CHFU,2,168
2019,4,C5,HOMA,1,12
2019,4,C5,LEMA,2,96
2019,4,C5,PAIN,1,1
2019,4,C5,POMA,1,86
2019,4,C6,CHFU,3,252
2019,4,C6,HOMA,1,12
2019,4,C6,LEMA,3,144
2019,4,C6,PAIN,1,1
2019,4,C6,POMA,1,86
2019,4,D1,CETE,13,4394
2019,4,D1,CHFU,6,504
2019,4,D1,HOMA,1,12
2019,4,D1,LEMA,2,96
2019,4,D1,PAIN,1,1
2019,4,D1,POMA,1,86
2019,4,D2,CHFU,2,168
2019,4,D2,HOMA,1,12
2019,4,D2,LEMA,1,48
2019,4,D2,PAIN,1,1
2019,4,D2,POMA,1,86
2019,4,D3,CHFU,3,252
2019,4,D3,HOMA,1,12
2019,4,D3,LEMA,2,96
2019,4,D3,PAIN,1,1
2019,4,D3,POMA,1,86
2019,4,D4,CHFU,2,168
2019,4,D4,HOMA,1,12
2019,4,D4,LEMA,4,192
2019,4,D4,PAIN,1,1
2019,4,D4,POMA,1,86
2019,4,D5,CHFU,2,168
2019,4,D5,HOMA,1,12
2019,4,D5,LEMA,3,144
2019,4,D5,PAIN,1,1
2019,4,D5,POMA,1,86
2019,4,D6,CHFU,5,420
2019,4,D6,HOMA,1,12
2019,4,D6,PAIN,1,1
2019,4,D6,PLCO,1,22
2019,4,D6,POMA,1,86
2019,4,E1,BEMA,2,8
2019,4,E1,BEMA,6,24
2019,4,E1,CHFU,5,420
2019,4,E1,HOMA,1,12
2019,4,E1,LEMA,5,240
2019,4,E1,PAIN,1,1
2019,4,E1,POMA,1,86
2019,4,E2,CHFU,7,588
2019,4,E2,HOMA,1,12
2019,4,E2,LEMA,4,192
2019,4,E2,MESU,220,440
2019,4,E2,MESU,240,480
2019,4,E2,PAIN,1,1
2019,4,E2,POMA,1,86
2019,4,E3,CHFU,4,336
2019,4,E3,HOMA,1,12
2019,4,E3,LEMA,12,576
2019,4,E3,PAIN,1,1
2019,4,E3,POMA,1,86
2019,4,E4,CHFU,2,168
2019,4,E4,HOMA,1,12
2019,4,E4,LEMA,3,144
2019,4,E4,PAIN,1,1
2019,4,E4,POMA,1,86
2019,4,E5,BEMA,5,20
2019,4,E5,CHFU,9,756
2019,4,E5,HOMA,1,12
2019,4,E5,LEMA,4,192
2019,4,E5,PAIN,1,1
2019,4,E5,POMA,1,86
2019,4,E6,CHFU,6,504
2019,4,E6,HOMA,1,12
2019,4,E6,LEMA,3,144
2019,4,E6,PAIN,1,1
2019,4,E6,POMA,1,86
2019,4,F1,CHFU,5,420
2019,4,F1,HOMA,1,12
2019,4,F1,LEMA,14,672
2019,4,F1,PLCO,1,22
2019,4,F1,POMA,1,86
2019,4,F2,CHFU,2,168
2019,4,F2,HOMA,1,12
2019,4,F2,LEMA,2,96
2019,4,F2,PAIN,1,1
2019,4,F2,POMA,1,86
2019,4,F3,CHFU,2,168
2019,4,F3,HOMA,1,12
2019,4,F3,LEMA,6,288
2019,4,F3,PAIN,1,1
2019,4,F3,POMA,1,86
2019,4,F4,CHFU,3,252
2019,4,F4,HOMA,1,12
2019,4,F4,LEMA,3,144
2019,4,F4,PAIN,1,1
2019,4,F4,PLCO,1,22
2019,4,F4,POMA,1,86
2019,4,F5,CHFU,2,168
2019,4,F5,HOMA,1,12
2019,4,F5,LEMA,3,144
2019,4,F5,PAIN,1,1
2019,4,F5,POMA,1,86
2019,4,F6,CHFU,4,336
2019,4,F6,HOMA,1,12
2019,4,F6,LEMA,9,432
2019,4,F6,MESU,210,420
2019,4,F6,MESU,220,440
2019,4,F6,MESU,240,480
2019,4,F6,PAIN,1,1
2019,4,F6,POMA,1,86
2019,5,A1,CHFU,9,756
2019,5,A1,HOMA,1,12
2019,5,A1,LEMA,2,96
2019,5,A1,PAIN,1,1
2019,5,A1,POMA,1,86
2019,5,A2,CHFU,14,1176
2019,5,A2,HOMA,1,12
2019,5,A2,LEMA,2,96
2019,5,A2,PAIN,1,1
2019,5,A2,POMA,1,86
2019,5,A2,SASO,5,10
2019,5,A3,CHFU,3,252
2019,5,A3,HOMA,1,12
2019,5,A3,LEMA,5,240
2019,5,A3,PAIN,1,1
2019,5,A3,POMA,1,86
2019,5,A4,CHFU,11,924
2019,5,A4,HOMA,1,12
2019,5,A4,LEMA,6,288
2019,5,A4,PAIN,1,1
2019,5,A4,POMA,1,86
2019,5,A4,SASO,5,10
2019,5,A5,CHFU,2,168
2019,5,A5,HOMA,1,12
2019,5,A5,LEMA,3,144
2019,5,A5,PAIN,1,1
2019,5,A5,POMA,1,86
2019,5,A5,SASO,10,20
2019,5,A6,CHFU,3,252
2019,5,A6,HOMA,1,12
2019,5,A6,LEMA,3,144
2019,5,A6,PAIN,1,1
2019,5,A6,POMA,1,86
2019,5,B1,CHFU,8,672
2019,5,B1,HOMA,1,12
2019,5,B1,LEMA,3,144
2019,5,B1,PAIN,1,1
2019,5,B1,POMA,1,86
2019,5,B2,CHFU,11,924
2019,5,B2,HOMA,1,12
2019,5,B2,LEMA,4,192
2019,5,B2,PAIN,1,1
2019,5,B2,POMA,1,86
2019,5,B2,SASO,5,10
2019,5,B3,CHFU,3,252
2019,5,B3,HOMA,1,12
2019,5,B3,LEMA,3,144
2019,5,B3,PAIN,1,1
2019,5,B3,POMA,1,86
2019,5,B4,CHFU,4,336
2019,5,B4,HOMA,1,12
2019,5,B4,LEMA,4,192
2019,5,B4,PAIN,1,1
2019,5,B5,CHFU,7,588
2019,5,B5,HOMA,1,12
2019,5,B5,LEMA,2,96
2019,5,B5,PAIN,1,1
2019,5,B5,SASO,15,30
2019,5,B6,CHFU,5,420
2019,5,B6,HOMA,1,12
2019,5,B6,LEMA,3,144
2019,5,B6,PAIN,1,1
2019,5,B6,POMA,1,86
2019,5,B6,SASO,20,40
2019,5,C1,CHFU,13,1092
2019,5,C1,HOMA,1,12
2019,5,C1,LEMA,3,144
2019,5,C1,PAIN,1,1
2019,5,C1,POMA,1,86
2019,5,C2,CHFU,9,756
2019,5,C2,HOMA,1,12
2019,5,C2,LEMA,4,192
2019,5,C2,PAIN,1,1
2019,5,C2,POMA,1,86
2019,5,C3,CHFU,5,420
2019,5,C3,HOMA,1,12
2019,5,C3,LEMA,3,144
2019,5,C3,PAIN,1,1
2019,5,C4,CHFU,1,84
2019,5,C4,HOMA,1,12
2019,5,C4,LEMA,2,96
2019,5,C4,PAIN,1,1
2019,5,C5,CHFU,2,168
2019,5,C5,HOMA,1,12
2019,5,C5,LEMA,2,96
2019,5,C5,PAIN,1,1
2019,5,C5,POMA,1,86
2019,5,C6,CHFU,3,252
2019,5,C6,HOMA,1,12
2019,5,C6,LEMA,3,144
2019,5,C6,PAIN,1,1
2019,5,C6,SASO,5,10
2019,5,D1,CHFU,6,504
2019,5,D1,HOMA,1,12
2019,5,D1,LEMA,3,144
2019,5,D1,PAIN,1,1
2019,5,D1,POMA,1,86
2019,5,D2,CHFU,15,1260
2019,5,D2,HOMA,1,12
2019,5,D2,LEMA,14,672
2019,5,D2,PAIN,1,1
2019,5,D2,POMA,1,86
2019,5,D3,CHFU,3,252
2019,5,D3,HOMA,1,12
2019,5,D3,LEMA,2,96
2019,5,D3,PAIN,1,1
2019,5,D4,CHFU,7,588
2019,5,D4,HOMA,1,12
2019,5,D4,LEMA,5,240
2019,5,D4,PAIN,1,1
2019,5,D5,CHFU,4,336
2019,5,D5,HOMA,1,12
2019,5,D5,LEMA,2,96
2019,5,D5,PAIN,1,1
2019,5,D5,POMA,1,86
2019,5,D6,CHFU,1,84
2019,5,D6,HOMA,1,12
2019,5,D6,LEMA,5,240
2019,5,D6,PAIN,1,1
2019,5,E1,CHFU,9,756
2019,5,E1,HOMA,1,12
2019,5,E1,LEMA,11,528
2019,5,E1,PAIN,1,1
2019,5,E1,POMA,1,86
2019,5,E2,CHFU,5,420
2019,5,E2,HOMA,1,12
2019,5,E2,LEMA,8,384
2019,5,E2,PAIN,1,1
2019,5,E2,POMA,1,86
2019,5,E3,CETE,7,2366
2019,5,E3,CHFU,7,588
2019,5,E3,HOMA,1,12
2019,5,E3,LEMA,5,240
2019,5,E3,PAIN,1,1
2019,5,E4,CHFU,7,588
2019,5,E4,HOMA,1,12
2019,5,E4,LEMA,5,240
2019,5,E4,PAIN,1,1
2019,5,E5,CHFU,4,336
2019,5,E5,HOMA,1,12
2019,5,E5,LEMA,6,288
2019,5,E5,PAIN,1,1
2019,5,E6,CHFU,1,84
2019,5,E6,HOMA,1,12
2019,5,E6,LEMA,4,192
2019,5,E6,PAIN,1,1
2019,5,F1,CHFU,4,336
2019,5,F1,HOMA,1,12
2019,5,F1,LEMA,3,144
2019,5,F1,PAIN,1,1
2019,5,F1,POMA,1,86
2019,5,F2,CHFU,9,756
2019,5,F2,HOMA,1,12
2019,5,F2,LEMA,5,240
2019,5,F2,MEEL,30,30
2019,5,F2,PAIN,1,1
2019,5,F2,POMA,1,86
2019,5,F3,CHFU,5,420
2019,5,F3,HOMA,1,12
2019,5,F3,LEMA,3,144
2019,5,F3,PAIN,1,1
2019,5,F3,POMA,1,86
2019,5,F3,SOAS,5,225
2019,5,F4,CHFU,11,924
2019,5,F4,HOMA,1,12
2019,5,F4,LEMA,10,480
2019,5,F4,PAIN,1,1
2019,5,F5,CHFU,5,420
2019,5,F5,HOMA,1,12
2019,5,F5,LEMA,9,432
2019,5,F5,PAIN,1,1
2019,5,F5,POMA,1,86
2019,5,F6,HOMA,1,12
2019,5,F6,LEMA,2,96
2019,5,F6,PAIN,1,1
2019,6,A1,CHFU,4,336
2019,6,A1,HOMA,1,12
2019,6,A1,PAIN,1,1
2019,6,A1,POMA,1,86
2019,6,A2,CHFU,3,252
2019,6,A2,HOMA,1,12
2019,6,A2,LEMA,2,96
2019,6,A2,PAIN,1,1
2019,6,A2,POMA,1,86
2019,6,A3,CHFU,3,252
2019,6,A3,HOMA,1,12
2019,6,A3,LEMA,1,48
2019,6,A3,PAIN,1,1
2019,6,A4,CHFU,2,168
2019,6,A4,HOMA,1,12
2019,6,A4,LEMA,1,48
2019,6,A4,PAIN,1,1
2019,6,A5,CHFU,3,252
2019,6,A5,HOMA,1,12
2019,6,A5,LEMA,2,96
2019,6,A5,PAIN,1,1
2019,6,A6,CHFU,2,168
2019,6,A6,HOMA,1,12
2019,6,A6,LEMA,2,96
2019,6,A6,PAIN,1,1
2019,6,B1,CHFU,4,336
2019,6,B1,HOMA,1,12
2019,6,B1,LEMA,3,144
2019,6,B1,PAIN,1,1
2019,6,B1,POMA,1,86
2019,6,B2,CHFU,2,168
2019,6,B2,HOMA,1,12
2019,6,B2,LEMA,2,96
2019,6,B2,PAIN,1,1
2019,6,B2,PLCO,1,22
2019,6,B2,POMA,1,86
2019,6,B3,CHFU,3,252
2019,6,B3,HOMA,1,12
2019,6,B3,LEMA,1,48
2019,6,B3,PAIN,1,1
2019,6,B4,CHFU,2,168
2019,6,B4,HOMA,1,12
2019,6,B4,LEMA,2,96
2019,6,B4,PAIN,1,1
2019,6,B5,CHFU,3,252
2019,6,B5,HOMA,1,12
2019,6,B5,LEMA,2,96
2019,6,B5,PAIN,1,1
2019,6,B6,CHFU,5,420
2019,6,B6,HOMA,1,12
2019,6,B6,LEMA,2,96
2019,6,B6,PAIN,1,1
2019,6,C1,CHFU,6,504
2019,6,C1,HOMA,1,12
2019,6,C1,LEMA,5,240
2019,6,C1,PAIN,1,1
2019,6,C1,POMA,1,86
2019,6,C2,CHFU,2,168
2019,6,C2,HOMA,1,12
2019,6,C2,LEMA,4,192
2019,6,C2,PAIN,1,1
2019,6,C2,PLCO,1,22
2019,6,C2,POMA,1,86
2019,6,C3,CHFU,3,252
2019,6,C3,HOMA,1,12
2019,6,C3,LEMA,4,192
2019,6,C3,PAIN,1,1
2019,6,C3,PLCO,1,22
2019,6,C3,POMA,1,86
2019,6,C4,CHFU,5,420
2019,6,C4,HOMA,1,12
2019,6,C4,LEMA,3,144
2019,6,C4,PAIN,1,1
2019,6,C5,CHFU,4,336
2019,6,C5,HOMA,1,12
2019,6,C5,LEMA,4,192
2019,6,C5,PAIN,1,1
2019,6,C5,POMA,1,86
2019,6,C6,CHFU,3,252
2019,6,C6,HOMA,1,12
2019,6,C6,LEMA,5,240
2019,6,C6,PAIN,1,1
2019,6,D1,CHFU,3,252
2019,6,D1,HOMA,1,12
2019,6,D1,LEMA,3,144
2019,6,D1,PAIN,1,1
2019,6,D1,POMA,1,86
2019,6,D2,CHFU,7,588
2019,6,D2,HOMA,1,12
2019,6,D2,LEMA,2,96
2019,6,D2,PAIN,1,1
2019,6,D2,POMA,1,86
2019,6,D3,CHFU,17,1428
2019,6,D3,HOMA,1,12
2019,6,D3,LEMA,3,144
2019,6,D3,PAIN,1,1
2019,6,D3,POMA,1,86
2019,6,D4,CHFU,8,672
2019,6,D4,HOMA,1,12
2019,6,D4,LEMA,4,192
2019,6,D4,PAIN,1,1
2019,6,D4,POMA,1,86
2019,6,D5,CHFU,5,420
2019,6,D5,HOMA,1,12
2019,6,D5,LEMA,1,48
2019,6,D5,PAIN,1,1
2019,6,D5,PLCO,1,22
2019,6,D5,POMA,1,86
2019,6,D6,CHFU,3,252
2019,6,D6,HOMA,1,12
2019,6,D6,LEMA,4,192
2019,6,D6,PAIN,1,1
2019,6,E1,CHFU,5,420
2019,6,E1,HOMA,1,12
2019,6,E1,LEMA,1,48
2019,6,E1,PAIN,1,1
2019,6,E1,PLCO,1,22
2019,6,E1,POMA,1,86
2019,6,E2,CHFU,5,420
2019,6,E2,HOMA,1,12
2019,6,E2,LEMA,4,192
2019,6,E2,PAIN,1,1
2019,6,E2,PLCO,1,22
2019,6,E2,POMA,1,86
2019,6,E3,CHFU,3,252
2019,6,E3,HOMA,1,12
2019,6,E3,LEMA,2,96
2019,6,E3,PAIN,1,1
2019,6,E3,POMA,1,86
2019,6,E4,CETE,4,1352
2019,6,E4,CHFU,10,840
2019,6,E4,HOMA,1,12
2019,6,E4,LEMA,2,96
2019,6,E4,PAIN,1,1
2019,6,E4,POMA,1,86
2019,6,E5,CHFU,2,168
2019,6,E5,HOMA,1,12
2019,6,E5,LEMA,1,48
2019,6,E5,PAIN,1,1
2019,6,E5,PLCO,1,22
2019,6,E5,POMA,1,86
2019,6,E5,SPRU,20,1680
2019,6,E6,CHFU,2,168
2019,6,E6,HOMA,1,12
2019,6,E6,LEMA,2,96
2019,6,E6,PAIN,1,1
2019,6,F1,CHFU,7,588
2019,6,F1,HOMA,1,12
2019,6,F1,LEMA,5,240
2019,6,F1,PAIN,1,1
2019,6,F1,PLCO,1,22
2019,6,F1,POMA,1,86
2019,6,F2,CHFU,6,504
2019,6,F2,HOMA,1,12
2019,6,F2,LEMA,3,144
2019,6,F2,PAIN,1,1
2019,6,F2,PLCO,1,22
2019,6,F2,POMA,1,86
2019,6,F3,CHFU,2,168
2019,6,F3,HOMA,1,12
2019,6,F3,LEMA,5,240
2019,6,F3,PAIN,1,1
2019,6,F3,POMA,1,86
2019,6,F4,CHFU,3,252
2019,6,F4,HOMA,1,12
2019,6,F4,LEMA,2,96
2019,6,F4,PAIN,1,1
2019,6,F4,PLCO,1,22
2019,6,F4,POMA,1,86
2019,6,F5,CHFU,3,252
2019,6,F5,HOMA,1,12
2019,6,F5,LEMA,6,288
2019,6,F5,PAIN,1,1
2019,6,F5,PLCO,1,22
2019,6,F6,CHFU,2,168
2019,6,F6,HOMA,1,12
2019,6,F6,LEMA,3,144
2019,6,F6,PAIN,1,1
2019,7,A1,BEMA,6,24
2019,7,A1,CETE,4,1352
2019,7,A1,CHFU,6,504
2019,7,A1,LEMA,6,288
2019,7,A1,MESU,500,1000
2019,7,A1,PAIN,1,1
2019,7,A1,POMA,1,86
2019,7,A1,PUPA,15,1350
2019,7,A1,SASO,5,10
2019,7,A1,SCLA,1,24
2019,7,A1,SPRU,50,4200
2019,7,A2,BEMA,12,48
2019,7,A2,CETE,7,2366
2019,7,A2,CHFU,8,672
2019,7,A2,HOMA,1,12
2019,7,A2,LEMA,4,192
2019,7,A2,PAIN,1,1
2019,7,A2,POMA,1,86
2019,7,A2,PUPA,10,900
2019,7,A2,SASO,5,10
2019,7,A2,SPRU,70,5880
2019,7,A3,BEMA,30,120
2019,7,A3,CHFU,4,336
2019,7,A3,LEMA,5,240
2019,7,A3,POMA,1,86
2019,7,A3,SASO,5,10
2019,7,A3,SPRU,60,5040
2019,7,A4,BEMA,40,160
2019,7,A4,CETE,12,4056
2019,7,A4,CHFU,4,336
2019,7,A4,LEMA,5,240
2019,7,A4,MESU,500,1000
2019,7,A4,PAIN,1,1
2019,7,A4,POMA,1,86
2019,7,A4,PUPA,15,1350
2019,7,A4,SASO,10,20
2019,7,A4,SOAS,9,405
2019,7,A4,SPRU,90,7560
2019,7,A5,BEMA,20,80
2019,7,A5,CETE,21,7098
2019,7,A5,CHFU,6,504
2019,7,A5,LEMA,6,288
2019,7,A5,PAIN,1,1
2019,7,A5,POMA,1,86
2019,7,A5,PUPA,24,2160
2019,7,A5,SASO,15,30
2019,7,A5,SOAS,6,270
2019,7,A5,SPRU,50,4200
2019,7,A6,BEMA,20,80
2019,7,A6,CETE,11,3718
2019,7,A6,CHFU,6,504
2019,7,A6,LEMA,10,480
2019,7,A6,MESU,240,480
2019,7,A6,PAIN,1,1
2019,7,A6,POMA,1,86
2019,7,A6,PUPA,20,1800
2019,7,A6,SASO,15,30
2019,7,A6,SCLA,2,48
2019,7,A6,SOAS,8,360
2019,7,A6,SPRU,60,5040
2019,7,B1,BEMA,15,60
2019,7,B1,CHFU,15,1260
2019,7,B1,LEMA,4,192
2019,7,B1,MESU,160,320
2019,7,B1,POMA,1,86
2019,7,B1,PUPA,8,720
2019,7,B1,SASO,2,4
2019,7,B1,SCLA,1,24
2019,7,B1,SOAS,7,315
2019,7,B1,SPRU,50,4200
2019,7,B2,BEMA,15,60
2019,7,B2,CHFU,8,672
2019,7,B2,LEMA,6,288
2019,7,B2,MESU,280,560
2019,7,B2,PAIN,1,1
2019,7,B2,POMA,1,86
2019,7,B2,SASO,2,4
2019,7,B2,SOAS,8,360
2019,7,B2,SPRU,40,3360
2019,7,B3,BEMA,10,40
2019,7,B3,LEMA,4,192
2019,7,B3,PAIN,1,1
2019,7,B3,POMA,1,86
2019,7,B3,SASO,2,4
2019,7,B3,SPRU,50,4200
2019,7,B4,BEMA,40,160
2019,7,B4,CETE,16,5408
2019,7,B4,CHFU,12,1008
2019,7,B4,LEMA,7,336
2019,7,B4,MESU,360,720
2019,7,B4,POMA,1,86
2019,7,B4,PUPA,11,990
2019,7,B4,SASO,2,4
2019,7,B4,SCLA,2,48
2019,7,B4,SOAS,10,450
2019,7,B4,SPRU,40,3360
2019,7,B5,BEMA,20,80
2019,7,B5,CETE,7,2366
2019,7,B5,CHFU,9,756
2019,7,B5,LEMA,5,240
2019,7,B5,MESU,200,400
2019,7,B5,PAIN,1,1
2019,7,B5,POMA,1,86
2019,7,B5,PUPA,9,810
2019,7,B5,SASO,15,30
2019,7,B5,SOAS,6,270
2019,7,B5,SPRU,50,4200
2019,7,B6,BEMA,10,40
2019,7,B6,CETE,6,2028
2019,7,B6,CHFU,6,504
2019,7,B6,CHMI,50,2750
2019,7,B6,HOMA,1,12
2019,7,B6,LEMA,5,240
2019,7,B6,PAIN,1,1
2019,7,B6,POMA,1,86
2019,7,B6,PUPA,12,1080
2019,7,B6,SASO,40,80
2019,7,B6,SOAS,4,180
2019,7,B6,SPRU,40,3360
2019,7,C1,BEMA,25,100
2019,7,C1,CETE,12,4056
2019,7,C1,CHFU,6,504
2019,7,C1,LEMA,7,336
2019,7,C1,PAIN,1,1
2019,7,C1,POMA,1,86
2019,7,C1,POMO,1,61
2019,7,C1,PUPA,15,1350
2019,7,C1,SASO,5,10
2019,7,C1,SCLA,1,24
2019,7,C1,SOAS,12,540
2019,7,C1,SPRU,30,2520
2019,7,C2,BEMA,60,240
2019,7,C2,CETE,10,3380
2019,7,C2,CHFU,5,420
2019,7,C2,LEMA,6,288
2019,7,C2,POMA,1,86
2019,7,C2,SASO,5,10
2019,7,C2,SPRU,50,4200
2019,7,C3,BEMA,25,100
2019,7,C3,CETE,10,3380
2019,7,C3,CHFU,14,1176
2019,7,C3,LEMA,9,432
2019,7,C3,POMA,1,86
2019,7,C3,PUPA,12,1080
2019,7,C3,SASO,8,16
2019,7,C3,SPRU,30,2520
2019,7,C4,BEMA,40,160
2019,7,C4,CETE,7,2366
2019,7,C4,CHFU,4,336
2019,7,C4,LEMA,7,336
2019,7,C4,POMA,1,86
2019,7,C4,POMO,1,61
2019,7,C4,PUPA,5,450
2019,7,C4,SASO,5,10
2019,7,C4,SOAS,7,315
2019,7,C4,SPRU,60,5040
2019,7,C5,BEMA,60,240
2019,7,C5,CETE,12,4056
2019,7,C5,CHFU,4,336
2019,7,C5,LEMA,6,288
2019,7,C5,MESU,240,480
2019,7,C5,POMA,1,86
2019,7,C5,PUPA,14,1260
2019,7,C5,SASO,15,30
2019,7,C5,SOAS,15,675
2019,7,C5,SPRU,50,4200
2019,7,C6,BEMA,40,160
2019,7,C6,CETE,6,2028
2019,7,C6,CHFU,9,756
2019,7,C6,LEMA,5,240
2019,7,C6,MESU,280,560
2019,7,C6,POMA,1,86
2019,7,C6,PUPA,22,1980
2019,7,C6,SASO,10,20
2019,7,C6,SCLA,1,24
2019,7,C6,SOAS,5,225
2019,7,C6,SPRU,70,5880
2019,7,D1,BEMA,40,160
2019,7,D1,CHFU,8,672
2019,7,D1,LEMA,5,240
2019,7,D1,POMA,1,86
2019,7,D1,SASO,5,10
2019,7,D1,SPRU,40,3360
2019,7,D2,BEMA,30,120
2019,7,D2,CETE,8,2704
2019,7,D2,LEMA,2,96
2019,7,D2,PAIN,1,1
2019,7,D2,POMA,1,86
2019,7,D2,SASO,5,10
2019,7,D3,BEMA,40,160
2019,7,D3,CHFU,7,588
2019,7,D3,LEMA,7,336
2019,7,D3,POMA,1,86
2019,7,D3,POMO,1,61
2019,7,D3,PUPA,6,540
2019,7,D3,SASO,10,20
2019,7,D3,SCLA,1,24
2019,7,D3,SOAS,9,405
2019,7,D3,SPRU,50,4200
2019,7,D4,BEMA,60,240
2019,7,D4,CHFU,10,840
2019,7,D4,LEMA,5,240
2019,7,D4,PAIN,1,1
2019,7,D4,POMA,1,86
2019,7,D4,PUPA,14,1260
2019,7,D4,SASO,15,30
2019,7,D4,SOAS,7,315
2019,7,D4,SPRU,40,3360
2019,7,D5,BEMA,50,200
2019,7,D5,CETE,9,3042
2019,7,D5,CHFU,12,1008
2019,7,D5,LEMA,6,288
2019,7,D5,MESU,200,400
2019,7,D5,PAIN,1,1
2019,7,D5,POMA,1,86
2019,7,D5,PUPA,17,1530
2019,7,D5,SASO,10,20
2019,7,D5,SOAS,12,540
2019,7,D5,SPRU,60,5040
2019,7,D6,BEMA,40,160
2019,7,D6,CETE,11,3718
2019,7,D6,CHFU,8,672
2019,7,D6,LEMA,3,144
2019,7,D6,POMA,1,86
2019,7,D6,PUPA,21,1890
2019,7,D6,SASO,5,10
2019,7,D6,SOAS,18,810
2019,7,E1,BEMA,60,240
2019,7,E1,CHFU,1,84
2019,7,E1,POMA,1,86
2019,7,E1,SASO,5,10
2019,7,E1,SPRU,70,5880
2019,7,E2,BEMA,40,160
2019,7,E2,CETE,12,4056
2019,7,E2,CHFU,3,252
2019,7,E2,LEMA,5,240
2019,7,E2,POMA,1,86
2019,7,E2,SASO,5,10
2019,7,E2,SPRU,60,5040
2019,7,E3,BEMA,15,60
2019,7,E3,CETE,9,3042
2019,7,E3,CHFU,5,420
2019,7,E3,LEMA,6,288
2019,7,E3,PAIN,1,1
2019,7,E3,POMA,1,86
2019,7,E3,PUPA,16,1440
2019,7,E3,SASO,5,10
2019,7,E3,SOAS,5,225
2019,7,E3,SPRU,60,5040
2019,7,E4,BEMA,20,80
2019,7,E4,CETE,8,2704
2019,7,E4,CHFU,7,588
2019,7,E4,LEMA,5,240
2019,7,E4,MESU,200,400
2019,7,E4,PAIN,1,1
2019,7,E4,POMA,1,86
2019,7,E4,PUPA,7,630
2019,7,E4,SASO,5,10
2019,7,E4,SOAS,5,225
2019,7,E4,SPRU,40,3360
2019,7,E5,BEMA,30,120
2019,7,E5,CETE,9,3042
2019,7,E5,CHFU,9,756
2019,7,E5,LEMA,9,432
2019,7,E5,MESU,400,800
2019,7,E5,POMA,1,86
2019,7,E5,POMO,1,61
2019,7,E5,PUPA,9,810
2019,7,E5,SASO,15,30
2019,7,E5,SPRU,50,4200
2019,7,E6,BEMA,10,40
2019,7,E6,CETE,10,3380
2019,7,E6,CHFU,2,168
2019,7,E6,HOMA,1,12
2019,7,E6,LEMA,7,336
2019,7,E6,MESU,180,360
2019,7,E6,POMA,1,86
2019,7,E6,PUPA,7,630
2019,7,E6,SASO,5,10
2019,7,E6,SCLA,1,24
2019,7,E6,SOAS,6,270
2019,7,E6,SPRU,40,3360
2019,7,F1,BEMA,30,120
2019,7,F1,LEMA,4,192
2019,7,F1,POMA,1,86
2019,7,F1,SASO,5,10
2019,7,F2,BEMA,40,160
2019,7,F2,CETE,4,1352
2019,7,F2,LEMA,3,144
2019,7,F2,POMA,1,86
2019,7,F2,SASO,5,10
2019,7,F2,SPRU,30,2520
2019,7,F3,BEMA,40,160
2019,7,F3,CHFU,15,1260
2019,7,F3,LEMA,4,192
2019,7,F3,PLCO,1,22
2019,7,F3,POMA,1,86
2019,7,F3,SASO,5,10
2019,7,F3,SPRU,40,3360
2019,7,F4,BEMA,60,240
2019,7,F4,CETE,21,7098
2019,7,F4,CHFU,8,672
2019,7,F4,LEMA,4,192
2019,7,F4,POMA,1,86
2019,7,F4,PUPA,14,1260
2019,7,F4,SASO,5,10
2019,7,F4,SPRU,60,5040
2019,7,F5,BEMA,50,200
2019,7,F5,CETE,19,6422
2019,7,F5,CHFU,13,1092
2019,7,F5,LEMA,3,144
2019,7,F5,POMA,1,86
2019,7,F5,PUPA,6,540
2019,7,F5,SASO,10,20
2019,7,F5,SPRU,50,4200
2019,7,F6,BEMA,40,160
2019,7,F6,CETE,15,5070
2019,7,F6,CHFU,10,840
2019,7,F6,POMA,1,86
2019,7,F6,SASO,5,10
2019,7,F6,SPRU,40,3360
2019,8,A1,BEMA,80,320
2019,8,A1,CETE,6,2028
2019,8,A1,CHFU,9,756
2019,8,A1,POMA,1,86
2019,8,A1,SASO,10,20
2019,8,A1,SPRU,60,5040
2019,8,A2,BEMA,40,160
2019,8,A2,CETE,12,4056
2019,8,A2,CHFU,10,840
2019,8,A2,LEMA,3,144
2019,8,A2,POMA,1,86
2019,8,A2,PUPA,9,810
2019,8,A2,SASO,25,50
2019,8,A2,SPRU,40,3360
2019,8,A3,BEMA,50,200
2019,8,A3,CETE,14,4732
2019,8,A3,CHFU,15,1260
2019,8,A3,LEMA,3,144
2019,8,A3,PLCO,1,22
2019,8,A3,POMA,1,86
2019,8,A3,POMO,4,244
2019,8,A3,PUPA,12,1080
2019,8,A3,SASO,10,20
2019,8,A3,SPRU,40,3360
2019,8,A4,BEMA,30,120
2019,8,A4,CETE,8,2704
2019,8,A4,CHFU,7,588
2019,8,A4,LEMA,5,240
2019,8,A4,MESU,500,1000
2019,8,A4,PAIN,1,1
2019,8,A4,PLCO,1,22
2019,8,A4,POMA,1,86
2019,8,A4,PUPA,15,1350
2019,8,A4,SOAS,6,270
2019,8,A5,BEMA,60,240
2019,8,A5,CETE,16,5408
2019,8,A5,CHFU,7,588
2019,8,A5,LEMA,2,96
2019,8,A5,MESU,390,780
2019,8,A5,PLCO,1,22
2019,8,A5,POMA,1,86
2019,8,A5,PUPA,9,810
2019,8,A5,SASO,25,50
2019,8,A5,SPRU,50,4200
2019,8,A6,BEMA,50,200
2019,8,A6,CETE,19,6422
2019,8,A6,CHFU,10,840
2019,8,A6,MESU,500,1000
2019,8,A6,PAIN,1,1
2019,8,A6,PLCO,1,22
2019,8,A6,POMA,1,86
2019,8,A6,PUPA,7,630
2019,8,A6,SASO,15,30
2019,8,A6,SPRU,60,5040
2019,8,B1,BEMA,60,240
2019,8,B1,CETE,9,3042
2019,8,B1,CHFU,7,588
2019,8,B1,LEMA,8,384
2019,8,B1,POMA,1,86
2019,8,B1,SASO,5,10
2019,8,B1,SOAS,14,630
2019,8,B1,SPRU,70,5880
2019,8,B2,BEMA,40,160
2019,8,B2,CETE,17,5746
2019,8,B2,CHFU,8,672
2019,8,B2,LEMA,5,240
2019,8,B2,MESU,400,800
2019,8,B2,POMA,1,86
2019,8,B2,PUPA,11,990
2019,8,B2,SASO,18,36
2019,8,B2,SPRU,60,5040
2019,8,B3,BEMA,30,120
2019,8,B3,CETE,14,4732
2019,8,B3,CHFU,10,840
2019,8,B3,LEMA,3,144
2019,8,B3,MESU,500,1000
2019,8,B3,PLCO,1,22
2019,8,B3,POMA,1,86
2019,8,B3,PUPA,21,1890
2019,8,B3,SASO,10,20
2019,8,B3,SPRU,60,5040
2019,8,B4,BEMA,30,120
2019,8,B4,CETE,16,5408
2019,8,B4,CHFU,11,924
2019,8,B4,LEMA,6,288
2019,8,B4,MESU,500,1000
2019,8,B4,POMA,1,86
2019,8,B4,POMO,5,305
2019,8,B4,PUPA,30,2700
2019,8,B4,SASO,5,10
2019,8,B4,SOAS,6,270
2019,8,B4,SPRU,40,3360
2019,8,B5,BEMA,40,160
2019,8,B5,CETE,20,6760
2019,8,B5,CHFU,3,252
2019,8,B5,LEMA,3,144
2019,8,B5,PAIN,1,1
2019,8,B5,PLCO,1,22
2019,8,B5,POMA,1,86
2019,8,B5,PUPA,7,630
2019,8,B5,SASO,5,10
2019,8,B5,SPRU,50,4200
2019,8,B6,BEMA,3,12
2019,8,B6,CETE,15,5070
2019,8,B6,CHFU,4,336
2019,8,B6,LEMA,4,192
2019,8,B6,POMA,1,86
2019,8,B6,PUPA,14,1260
2019,8,C1,BEMA,30,120
2019,8,C1,CETE,24,8112
2019,8,C1,CHFU,6,504
2019,8,C1,LEMA,3,144
2019,8,C1,POMA,1,86
2019,8,C1,PUPA,24,2160
2019,8,C1,SASO,10,20
2019,8,C1,SPRU,60,5040
2019,8,C2,BEMA,20,80
2019,8,C2,CETE,14,4732
2019,8,C2,CHFU,8,672
2019,8,C2,HOMA,1,12
2019,8,C2,LEMA,6,288
2019,8,C2,POMA,1,86
2019,8,C2,PUPA,19,1710
2019,8,C2,SASO,5,10
2019,8,C2,SOAS,9,405
2019,8,C3,CETE,10,3380
2019,8,C3,CHFU,7,588
2019,8,C3,LEMA,10,480
2019,8,C3,MESU,350,700
2019,8,C3,PAIN,1,1
2019,8,C3,POMA,1,86
2019,8,C3,PUPA,15,1350
2019,8,C3,SASO,10,20
2019,8,C3,SCLA,3,72
2019,8,C3,SOAS,4,180
2019,8,C4,CETE,6,2028
2019,8,C4,CHFU,8,672
2019,8,C4,LEMA,5,240
2019,8,C4,PLCO,1,22
2019,8,C4,POMA,1,86
2019,8,C4,PUPA,16,1440
2019,8,C4,SASO,5,10
2019,8,C5,BEMA,40,160
2019,8,C5,CETE,14,4732
2019,8,C5,CHFU,12,1008
2019,8,C5,MESU,500,1000
2019,8,C5,PAIN,1,1
2019,8,C5,POMA,1,86
2019,8,C5,PUPA,9,810
2019,8,C5,SASO,10,20
2019,8,C6,BEMA,50,200
2019,8,C6,CETE,18,6084
2019,8,C6,CHFU,8,672
2019,8,C6,HOMA,1,12
2019,8,C6,LEMA,6,288
2019,8,C6,POMA,1,86
2019,8,C6,PUPA,11,990
2019,8,C6,SASO,10,20
2019,8,C6,SPRU,70,5880
2019,8,D1,BEMA,30,120
2019,8,D1,CETE,12,4056
2019,8,D1,CHFU,7,588
2019,8,D1,LEMA,5,240
2019,8,D1,POMA,1,86
2019,8,D1,SASO,20,40
2019,8,D1,SPRU,60,5040
2019,8,D2,BEMA,20,80
2019,8,D2,CETE,18,6084
2019,8,D2,CHFU,5,420
2019,8,D2,LEMA,8,384
2019,8,D2,POMA,1,86
2019,8,D2,PUPA,24,2160
2019,8,D2,SASO,10,20
2019,8,D2,SOAS,9,405
2019,8,D3,CETE,6,2028
2019,8,D3,CHFU,5,420
2019,8,D3,HOMA,1,12
2019,8,D3,LEMA,3,144
2019,8,D3,PLCO,1,22
2019,8,D3,POMA,1,86
2019,8,D3,PUPA,14,1260
2019,8,D4,CETE,6,2028
2019,8,D4,CHFU,4,336
2019,8,D4,HOMA,1,12
2019,8,D4,LEMA,2,96
2019,8,D4,MESU,500,1000
2019,8,D4,POMA,1,86
2019,8,D4,PUPA,11,990
2019,8,D4,SOAS,4,180
2019,8,D5,BEMA,40,160
2019,8,D5,CETE,14,4732
2019,8,D5,CHFU,3,252
2019,8,D5,LEMA,4,192
2019,8,D5,PLCO,1,22
2019,8,D5,POMA,1,86
2019,8,D5,PUPA,7,630
2019,8,D5,SASO,5,10
2019,8,D5,SPRU,60,5040
2019,8,D6,BEMA,50,200
2019,8,D6,CETE,12,4056
2019,8,D6,CHFU,5,420
2019,8,D6,LEMA,4,192
2019,8,D6,MESU,450,900
2019,8,D6,POMA,1,86
2019,8,D6,PUPA,6,540
2019,8,D6,SASO,10,20
2019,8,D6,SOAS,4,180
2019,8,E1,BEMA,30,120
2019,8,E1,CETE,14,4732
2019,8,E1,CHFU,8,672
2019,8,E1,LEMA,6,288
2019,8,E1,MESU,500,1000
2019,8,E1,POMA,1,86
2019,8,E1,PUPA,8,720
2019,8,E1,SASO,10,20
2019,8,E1,SPRU,40,3360
2019,8,E2,BEMA,30,120
2019,8,E2,CETE,8,2704
2019,8,E2,CHFU,11,924
2019,8,E2,HOMA,1,12
2019,8,E2,LEMA,5,240
2019,8,E2,POMA,1,86
2019,8,E2,PUPA,14,1260
2019,8,E2,SASO,20,40
2019,8,E2,SOAS,10,450
2019,8,E2,SPRU,60,5040
2019,8,E3,BEMA,60,240
2019,8,E3,CETE,6,2028
2019,8,E3,CHFU,7,588
2019,8,E3,LEMA,4,192
2019,8,E3,MESU,450,900
2019,8,E3,PAIN,1,1
2019,8,E3,POMA,1,86
2019,8,E3,PUPA,12,1080
2019,8,E3,SASO,5,10
2019,8,E4,CETE,8,2704
2019,8,E4,CHFU,7,588
2019,8,E4,HOMA,1,12
2019,8,E4,LEMA,5,240
2019,8,E4,POMA,1,86
2019,8,E4,POMO,1,61
2019,8,E4,PUPA,9,810
2019,8,E4,SOAS,4,180
2019,8,E4,SPRU,40,3360
2019,8,E5,CETE,12,4056
2019,8,E5,CHFU,6,504
2019,8,E5,LEMA,3,144
2019,8,E5,MESU,390,780
2019,8,E5,POMA,1,86
2019,8,E5,POMO,4,244
2019,8,E5,PUPA,11,990
2019,8,E5,SASO,15,30
2019,8,E6,BEMA,60,240
2019,8,E6,CETE,6,2028
2019,8,E6,CHFU,4,336
2019,8,E6,LEMA,6,288
2019,8,E6,POMA,1,86
2019,8,E6,PUPA,7,630
2019,8,F1,BEMA,50,200
2019,8,F1,CETE,16,5408
2019,8,F1,CHFU,4,336
2019,8,F1,LEMA,3,144
2019,8,F1,PAIN,1,1
2019,8,F1,POMA,1,86
2019,8,F1,SASO,5,10
2019,8,F1,SPRU,40,3360
2019,8,F2,BEMA,40,160
2019,8,F2,CETE,8,2704
2019,8,F2,CHFU,10,840
2019,8,F2,LEMA,2,96
2019,8,F2,POMA,1,86
2019,8,F2,SASO,5,10
2019,8,F2,SPRU,50,4200
2019,8,F3,BEMA,60,240
2019,8,F3,CETE,4,1352
2019,8,F3,CHFU,8,672
2019,8,F3,HOMA,1,12
2019,8,F3,PAIN,1,1
2019,8,F3,POMA,1,86
2019,8,F3,SASO,10,20
2019,8,F3,SPRU,40,3360
2019,8,F4,BEMA,60,240
2019,8,F4,CETE,6,2028
2019,8,F4,CHFU,11,924
2019,8,F4,HOMA,1,12
2019,8,F4,LEMA,3,144
2019,8,F4,PAIN,1,1
2019,8,F4,POMA,1,86
2019,8,F4,POMO,4,244
2019,8,F5,BEMA,50,200
2019,8,F5,CETE,14,4732
2019,8,F5,CHFU,15,1260
2019,8,F5,LEMA,5,240
2019,8,F5,PAIN,1,1
2019,8,F5,POMA,1,86
2019,8,F5,PUPA,16,1440
2019,8,F5,SASO,5,10
2019,8,F5,SOAS,6,270
2019,8,F6,BEMA,40,160
2019,8,F6,CETE,15,5070
2019,8,F6,CHFU,9,756
2019,8,F6,LEMA,3,144
2019,8,F6,PAIN,1,1
2019,8,F6,POMA,1,86
2019,8,F6,PUPA,9,810
2019,8,F6,SASO,5,10
2019,8,F6,SOAS,4,180
2019,9,A1,CHFU,2,168
2019,9,A1,LEMA,2,96
2019,9,A1,PAIN,1,1
2019,9,A1,POMA,1,86
2019,9,A1,POMO,4,244
2019,9,A1,SOAS,7,315
2019,9,A2,CHFU,5,420
2019,9,A2,LEMA,2,96
2019,9,A2,MESU,20,40
2019,9,A2,PAIN,1,1
2019,9,A2,POMA,1,86
2019,9,A2,SOAS,9,405
2019,9,A3,CHFU,2,168
2019,9,A3,LEMA,2,96
2019,9,A3,MESU,30,60
2019,9,A3,PAIN,1,1
2019,9,A3,POMA,1,86
2019,9,A3,POMO,3,183
2019,9,A3,SOAS,8,360
2019,9,A4,CHFU,2,168
2019,9,A4,MESU,70,140
2019,9,A4,PAIN,1,1
2019,9,A4,POMA,1,86
2019,9,A4,POMO,2,122
2019,9,A4,SOAS,14,630
2019,9,A5,CHFU,2,168
2019,9,A5,MESU,80,160
2019,9,A5,PAIN,1,1
2019,9,A5,POMA,1,86
2019,9,A5,POMO,2,122
2019,9,A5,SOAS,7,315
2019,9,A6,CHFU,4,336
2019,9,A6,LEMA,4,192
2019,9,A6,MESU,300,600
2019,9,A6,POMA,1,86
2019,9,A6,POMO,2,122
2019,9,A6,SOAS,12,540
2019,9,B1,CHFU,2,168
2019,9,B1,HOMA,1,12
2019,9,B1,LEMA,4,192
2019,9,B1,MESU,60,120
2019,9,B1,POMA,1,86
2019,9,B1,POMO,2,122
2019,9,B1,SOAS,11,495
2019,9,B2,CHFU,2,168
2019,9,B2,LEMA,2,96
2019,9,B2,POMA,1,86
2019,9,B2,POMO,2,122
2019,9,B2,SOAS,6,270
2019,9,B3,CHFU,2,168
2019,9,B3,LEMA,2,96
2019,9,B3,PAIN,1,1
2019,9,B3,POMA,1,86
2019,9,B3,POMO,2,122
2019,9,B3,SOAS,8,360
2019,9,B4,CHFU,1,84
2019,9,B4,LEMA,2,96
2019,9,B4,MESU,120,240
2019,9,B4,POMA,1,86
2019,9,B4,POMO,3,183
2019,9,B4,SOAS,11,495
2019,9,B5,CHFU,3,252
2019,9,B5,LEMA,1,48
2019,9,B5,MESU,140,280
2019,9,B5,POMA,1,86
2019,9,B5,POMO,2,122
2019,9,B5,SOAS,7,315
2019,9,B6,CHFU,2,168
2019,9,B6,LEMA,2,96
2019,9,B6,MESU,300,600
2019,9,B6,POMA,1,86
2019,9,B6,POMO,2,122
2019,9,B6,SOAS,6,270
2019,9,C1,CHFU,1,84
2019,9,C1,HOMA,1,12
2019,9,C1,LEMA,1,48
2019,9,C1,POMA,1,86
2019,9,C1,POMO,2,122
2019,9,C1,SOAS,7,315
2019,9,C2,CHFU,2,168
2019,9,C2,HOMA,1,12
2019,9,C2,LEMA,1,48
2019,9,C2,MESU,150,300
2019,9,C2,POMA,1,86
2019,9,C2,POMO,1,61
2019,9,C2,SOAS,6,270
2019,9,C3,CHFU,2,168
2019,9,C3,HOMA,1,12
2019,9,C3,LEMA,2,96
2019,9,C3,PAIN,1,1
2019,9,C3,POMA,1,86
2019,9,C3,POMO,1,61
2019,9,C4,CHFU,2,168
2019,9,C4,LEMA,1,48
2019,9,C4,POMA,1,86
2019,9,C4,POMO,1,61
2019,9,C4,SOAS,5,225
2019,9,C5,CHFU,3,252
2019,9,C5,LEMA,1,48
2019,9,C5,MESU,140,280
2019,9,C5,POMA,1,86
2019,9,C5,POMO,1,61
2019,9,C5,SOAS,7,315
2019,9,C6,CHFU,1,84
2019,9,C6,LEMA,1,48
2019,9,C6,MESU,140,280
2019,9,C6,POMA,1,86
2019,9,C6,POMO,2,122
2019,9,C6,SOAS,11,495
2019,9,D1,CHFU,4,336
2019,9,D1,HOMA,1,12
2019,9,D1,LEMA,1,48
2019,9,D1,PAIN,1,1
2019,9,D1,POMA,1,86
2019,9,D1,POMO,1,61
2019,9,D2,CHFU,2,168
2019,9,D2,HOMA,1,12
2019,9,D2,PAIN,1,1
2019,9,D2,PLCO,1,22
2019,9,D2,POMA,1,86
2019,9,D2,POMO,1,61
2019,9,D3,CHFU,3,252
2019,9,D3,HOMA,1,12
2019,9,D3,PAIN,1,1
2019,9,D3,POMA,1,86
2019,9,D3,POMO,1,61
2019,9,D4,CHFU,4,336
2019,9,D4,HOMA,1,12
2019,9,D4,LEMA,2,96
2019,9,D4,MESU,240,480
2019,9,D4,PAIN,1,1
2019,9,D4,POMA,1,86
2019,9,D4,POMO,2,122
2019,9,D4,SOAS,9,405
2019,9,D5,CHFU,3,252
2019,9,D5,LEMA,3,144
2019,9,D5,MESU,180,360
2019,9,D5,POMA,1,86
2019,9,D5,POMO,1,61
2019,9,D5,SOAS,12,540
2019,9,D6,CHFU,2,168
2019,9,D6,LEMA,1,48
2019,9,D6,PAIN,1,1
2019,9,D6,POMA,1,86
2019,9,D6,POMO,1,61
2019,9,D6,SOAS,12,540
2019,9,E1,BEMA,5,20
2019,9,E1,CHFU,2,168
2019,9,E1,HOMA,1,12
2019,9,E1,PAIN,1,1
2019,9,E1,POMA,1,86
2019,9,E2,CHFU,2,168
2019,9,E2,HOMA,1,12
2019,9,E2,LEMA,1,48
2019,9,E2,PAIN,1,1
2019,9,E2,POMA,1,86
2019,9,E2,SASO,5,10
2019,9,E3,BEMA,5,20
2019,9,E3,CHFU,3,252
2019,9,E3,HOMA,1,12
2019,9,E3,POMA,1,86
2019,9,E3,SASO,5,10
2019,9,E4,CHFU,3,252
2019,9,E4,HOMA,1,12
2019,9,E4,LEMA,2,96
2019,9,E4,POMA,1,86
2019,9,E4,POMO,1,61
2019,9,E5,CHFU,2,168
2019,9,E5,HOMA,1,12
2019,9,E5,LEMA,1,48
2019,9,E5,POMA,1,86
2019,9,E5,POMO,3,183
2019,9,E6,CHFU,4,336
2019,9,E6,HOMA,1,12
2019,9,E6,LEMA,2,96
2019,9,E6,POMA,1,86
2019,9,E6,POMO,2,122
2019,9,E6,SOAS,8,360
2019,9,F1,CHFU,2,168
2019,9,F1,HOMA,1,12
2019,9,F1,POMA,1,86
2019,9,F2,CHFU,3,252
2019,9,F2,HOMA,1,12
2019,9,F2,PLCO,1,22
2019,9,F2,POMA,1,86
2019,9,F3,CHFU,2,168
2019,9,F3,HOMA,1,12
2019,9,F3,PLCO,1,22
2019,9,F4,CHFU,4,336
2019,9,F4,HOMA,1,12
2019,9,F4,POMO,1,61
2019,9,F5,CHFU,3,252
2019,9,F5,HOMA,1,12
2019,9,F5,POMA,1,86
2019,9,F5,POMO,1,61
2019,9,F6,CHFU,6,504
2019,9,F6,HOMA,1,12
2019,9,F6,POMA,1,86
2019,9,F6,POMO,1,61
2019,2,B1,RAPE,1,8
2019,2,C4,RAPE,1,8
2019,2,D6,RAPE,2,16
2019,2,E6,RAPE,1,8
2019,4,A1,RAPE,1,8
2019,4,B2,RAPE,1,8
2019,4,B3,RAPE,1,8
2019,4,B4,RAPE,1,8
2019,4,B5,RAPE,1,8
2019,4,D1,RAPE,1,8
2019,4,E3,RAPE,1,8
2019,4,E5,RAPE,1,8
2019,4,E6,RAPE,1,8
2019,4,F1,RAPE,1,8
2019,4,F3,RAPE,1,8
2019,4,F5,RAPE,1,8
2019,5,B2,RAPE,1,8
2019,5,C1,RAPE,4,32
2019,5,C3,RAPE,2,16
2019,5,F1,RAPE,1,8
2019,5,F2,RAPE,1,8
2019,5,F5,RAPE,1,8
2019,6,C1,RAPE,1,8
2019,6,D1,RAPE,1,8
2019,6,D2,RAPE,1,8
2019,6,E1,RAPE,1,8
2019,6,E2,RAPE,2,16
2019,6,F1,RAPE,1,8
2019,6,F2,RAPE,1,8
2019,7,A1,RAPE,4,32
2019,7,A2,RAPE,2,16
2019,7,A3,RAPE,2,16
2019,7,A4,RAPE,4,32
2019,7,A5,RAPE,3,24
2019,7,A6,RAPE,3,24
2019,7,B1,RAPE,3,24
2019,7,B2,RAPE,2,16
2019,7,B3,RAPE,2,16
2019,7,B4,RAPE,3,24
2019,7,B5,RAPE,2,16
2019,7,B6,RAPE,3,24
2019,7,C1,RAPE,2,16
2019,7,C2,RAPE,1,8
2019,7,C3,RAPE,2,16
2019,7,C4,RAPE,2,16
2019,7,C5,RAPE,4,32
2019,7,C6,RAPE,2,16
2019,7,D1,RAPE,1,8
2019,7,D2,RAPE,1,8
2019,7,D3,RAPE,2,16
2019,7,D4,RAPE,2,16
2019,7,D5,RAPE,1,8
2019,7,D6,RAPE,4,32
2019,7,E1,RAPE,2,16
2019,7,E2,RAPE,4,32
2019,7,E3,RAPE,2,16
2019,7,E4,RAPE,2,16
2019,7,E5,RAPE,3,24
2019,7,E6,RAPE,2,16
2019,7,F1,RAPE,2,16
2019,7,F2,RAPE,1,8
2019,7,F3,RAPE,1,8
2019,7,F4,RAPE,2,16
2019,7,F5,RAPE,2,16
2019,7,F6,RAPE,2,16
2019,8,A1,RAPE,1,8
2019,8,A2,RAPE,3,24
2019,8,A3,RAPE,2,16
2019,8,A4,RAPE,2,16
2019,8,A5,RAPE,2,16
2019,8,A6,RAPE,2,16
2019,8,B1,RAPE,3,24
2019,8,B2,RAPE,2,16
2019,8,B3,RAPE,3,24
2019,8,B4,RAPE,2,16
2019,8,B5,RAPE,2,16
2019,8,B6,RAPE,1,8
2019,8,C1,RAPE,1,8
2019,8,C2,RAPE,2,16
2019,8,C3,RAPE,2,16
2019,8,C4,RAPE,2,16
2019,8,C5,RAPE,3,24
2019,8,C6,RAPE,2,16
2019,8,D1,RAPE,1,8
2019,8,D2,RAPE,2,16
2019,8,D3,RAPE,1,8
2019,8,D4,RAPE,2,16
2019,8,D5,RAPE,2,16
2019,8,D6,RAPE,1,8
2019,8,E1,RAPE,1,8
2019,8,E2,RAPE,1,8
2019,8,E3,RAPE,2,16
2019,8,E4,RAPE,2,16
2019,8,E5,RAPE,1,8
2019,8,E6,RAPE,2,16
2019,8,F1,RAPE,2,16
2019,8,F5,RAPE,1,8
2019,8,F6,RAPE,1,8
